"ID","Recency_Value","Frequency_Value","Monetary_Value","R_Score","F_Score","M_Score","RFM_Overall","Segment"
4876,65.0,4.0,11.0,2,1,1,"211",Hibernating customers
2281,1.0,4.0,11.0,5,1,1,"511",New Customers
6959,10.0,4.0,12.0,5,1,1,"511",New Customers
8949,80.0,4.0,13.0,1,1,1,"111",Lost customers
6970,75.0,4.0,13.0,2,1,1,"211",Hibernating customers
2672,96.0,4.0,13.0,1,1,1,"111",Lost customers
6236,63.0,4.0,13.0,2,1,1,"211",Hibernating customers
4454,53.0,4.0,13.0,3,1,1,"311",New Customers
2899,60.0,4.0,14.0,2,1,1,"211",Hibernating customers
8904,82.0,4.0,14.0,1,1,1,"111",Lost customers
7325,0.0,4.0,14.0,5,1,1,"511",New Customers
9246,24.0,4.0,14.0,4,1,1,"411",New Customers
2632,26.0,4.0,14.0,4,1,1,"411",New Customers
9909,16.0,4.0,15.0,5,1,1,"511",New Customers
3353,38.0,4.0,15.0,4,1,1,"411",New Customers
7355,85.0,4.0,16.0,1,1,1,"111",Lost customers
1693,79.0,4.0,16.0,1,1,1,"111",Lost customers
6232,68.0,4.0,16.0,2,1,1,"211",Hibernating customers
4856,20.0,4.0,16.0,4,1,1,"411",New Customers
8517,36.0,4.0,16.0,4,1,1,"411",New Customers
9490,0.0,4.0,16.0,5,1,1,"511",New Customers
1515,14.0,4.0,17.0,5,1,1,"511",New Customers
6214,16.0,4.0,17.0,5,1,1,"511",New Customers
2594,52.0,4.0,17.0,3,1,1,"311",New Customers
3986,40.0,4.0,18.0,3,1,1,"311",New Customers
3859,40.0,4.0,18.0,3,1,1,"311",New Customers
8626,85.0,4.0,18.0,1,1,1,"111",Lost customers
2177,95.0,4.0,18.0,1,1,1,"111",Lost customers
8926,94.0,4.0,18.0,1,1,1,"111",Lost customers
1656,91.0,4.0,18.0,1,1,1,"111",Lost customers
1763,87.0,4.0,18.0,1,1,1,"111",Lost customers
9566,25.0,4.0,18.0,4,1,1,"411",New Customers
1037,13.0,4.0,18.0,5,1,1,"511",New Customers
7173,31.0,4.0,18.0,4,1,1,"411",New Customers
6187,29.0,4.0,19.0,4,1,1,"411",New Customers
3427,35.0,4.0,19.0,4,1,1,"411",New Customers
1790,3.0,4.0,19.0,5,1,1,"511",New Customers
2800,5.0,4.0,19.0,5,1,1,"511",New Customers
2559,86.0,4.0,19.0,1,1,1,"111",Lost customers
6068,90.0,4.0,19.0,1,1,1,"111",Lost customers
1097,88.0,4.0,19.0,1,1,1,"111",Lost customers
3889,81.0,4.0,19.0,1,1,1,"111",Lost customers
9713,78.0,4.0,19.0,2,1,1,"211",Hibernating customers
7866,78.0,4.0,19.0,2,1,1,"211",Hibernating customers
5452,43.0,6.0,19.0,3,1,1,"311",New Customers
4669,31.0,6.0,20.0,4,1,1,"411",New Customers
2372,3.0,6.0,20.0,5,2,1,"521",Promising
8609,66.0,4.0,20.0,2,1,1,"211",Hibernating customers
6148,38.0,4.0,20.0,4,1,1,"411",New Customers
8778,52.0,4.0,20.0,3,1,1,"311",New Customers
4272,2.0,4.0,20.0,5,1,1,"511",New Customers
1998,2.0,4.0,20.0,5,1,1,"511",New Customers
6934,19.0,4.0,20.0,4,1,1,"411",New Customers
4236,18.0,4.0,20.0,5,1,1,"511",New Customers
8121,17.0,4.0,20.0,5,1,1,"511",New Customers
8580,24.0,4.0,20.0,4,1,1,"411",New Customers
4214,12.0,4.0,20.0,5,1,1,"511",New Customers
8744,16.0,4.0,20.0,5,1,1,"511",New Customers
3437,13.0,4.0,21.0,5,1,1,"511",New Customers
8333,12.0,4.0,21.0,5,1,1,"511",New Customers
7853,24.0,4.0,21.0,4,1,1,"411",New Customers
1282,26.0,4.0,21.0,4,1,1,"411",New Customers
2250,61.0,4.0,21.0,2,1,1,"211",Hibernating customers
7901,49.0,4.0,21.0,3,1,1,"311",New Customers
7797,37.0,4.0,21.0,4,1,1,"411",New Customers
6852,45.0,4.0,21.0,3,1,1,"311",New Customers
9629,81.0,4.0,21.0,1,1,1,"111",Lost customers
1551,91.0,4.0,21.0,1,1,1,"111",Lost customers
3733,61.0,4.0,22.0,2,1,1,"211",Hibernating customers
3871,33.0,4.0,22.0,4,1,1,"411",New Customers
1680,32.0,4.0,22.0,4,1,1,"411",New Customers
2665,11.0,4.0,22.0,5,1,1,"511",New Customers
7213,37.0,5.0,22.0,4,1,1,"411",New Customers
1173,23.0,5.0,23.0,4,1,1,"411",New Customers
1730,24.0,5.0,23.0,4,1,1,"411",New Customers
5007,51.0,5.0,23.0,3,1,1,"311",New Customers
9075,59.0,5.0,23.0,2,1,1,"211",Hibernating customers
1332,1.0,4.0,23.0,5,1,1,"511",New Customers
3762,6.0,4.0,23.0,5,1,1,"511",New Customers
5764,8.0,4.0,23.0,5,1,1,"511",New Customers
6808,25.0,4.0,23.0,4,1,1,"411",New Customers
4658,72.0,4.0,23.0,2,1,1,"211",Hibernating customers
6450,89.0,4.0,23.0,1,1,1,"111",Lost customers
7320,84.0,4.0,23.0,1,1,1,"111",Lost customers
6696,65.0,4.0,23.0,2,1,1,"211",Hibernating customers
4027,77.0,4.0,23.0,2,1,1,"211",Hibernating customers
8816,21.0,7.0,23.0,4,2,1,"421",New Customers
6571,33.0,6.0,24.0,4,1,1,"411",New Customers
6163,31.0,6.0,24.0,4,1,1,"411",New Customers
8807,72.0,4.0,24.0,2,1,1,"211",Hibernating customers
8585,82.0,4.0,24.0,1,1,1,"111",Lost customers
1880,43.0,4.0,24.0,3,1,1,"311",New Customers
1607,49.0,4.0,24.0,3,1,1,"311",New Customers
7612,40.0,4.0,24.0,3,1,1,"311",New Customers
1129,9.0,4.0,24.0,5,1,1,"511",New Customers
1787,18.0,5.0,24.0,5,1,1,"511",New Customers
4093,23.0,5.0,25.0,4,1,1,"411",New Customers
9588,26.0,5.0,25.0,4,1,1,"411",New Customers
8762,91.0,5.0,25.0,1,1,1,"111",Lost customers
3381,4.0,4.0,25.0,5,1,1,"511",New Customers
7559,4.0,4.0,25.0,5,1,1,"511",New Customers
7401,0.0,5.0,25.0,5,1,1,"511",New Customers
8297,11.0,4.0,25.0,5,1,1,"511",New Customers
2827,23.0,4.0,25.0,4,1,1,"411",New Customers
5219,39.0,4.0,25.0,4,1,1,"411",New Customers
3433,49.0,4.0,25.0,3,1,1,"311",New Customers
7247,50.0,4.0,25.0,3,1,1,"311",New Customers
1719,65.0,4.0,25.0,2,1,1,"211",Hibernating customers
3401,75.0,4.0,25.0,2,1,1,"211",Hibernating customers
9164,74.0,4.0,25.0,2,1,1,"211",Hibernating customers
1600,74.0,4.0,25.0,2,1,1,"211",Hibernating customers
2738,68.0,6.0,25.0,2,1,1,"211",Hibernating customers
2509,10.0,6.0,25.0,5,2,1,"521",Promising
6740,10.0,6.0,25.0,5,2,1,"521",Promising
6519,77.0,4.0,26.0,2,1,1,"211",Hibernating customers
9946,79.0,4.0,26.0,2,1,1,"211",Hibernating customers
3184,65.0,4.0,26.0,2,1,1,"211",Hibernating customers
5260,65.0,4.0,26.0,2,1,1,"211",Hibernating customers
9442,55.0,4.0,26.0,3,1,1,"311",New Customers
4022,48.0,4.0,26.0,3,1,1,"311",New Customers
7702,48.0,4.0,26.0,3,1,1,"311",New Customers
8058,46.0,4.0,26.0,3,1,1,"311",New Customers
8413,46.0,4.0,26.0,3,1,1,"311",New Customers
2031,21.0,4.0,26.0,4,1,1,"411",New Customers
8604,46.0,5.0,26.0,3,1,1,"311",New Customers
6235,44.0,5.0,27.0,3,1,1,"311",New Customers
9864,94.0,5.0,27.0,1,1,1,"111",Lost customers
8809,8.0,4.0,27.0,5,1,1,"511",New Customers
2075,2.0,5.0,27.0,5,1,1,"511",New Customers
5438,51.0,4.0,27.0,3,1,1,"311",New Customers
7420,58.0,4.0,27.0,3,1,1,"311",New Customers
7088,50.0,4.0,28.0,3,1,1,"311",New Customers
2325,95.0,4.0,28.0,1,1,1,"111",Lost customers
5378,6.0,4.0,28.0,5,1,1,"511",New Customers
2636,6.0,4.0,28.0,5,1,1,"511",New Customers
3404,31.0,4.0,28.0,4,1,1,"411",New Customers
4104,31.0,4.0,28.0,4,1,1,"411",New Customers
2675,89.0,6.0,28.0,1,1,1,"111",Lost customers
1570,86.0,6.0,28.0,1,1,1,"111",Lost customers
4473,66.0,5.0,28.0,2,1,1,"211",Hibernating customers
3205,58.0,5.0,28.0,3,1,1,"311",New Customers
7598,39.0,5.0,28.0,3,1,1,"311",New Customers
1629,39.0,5.0,28.0,4,1,1,"411",New Customers
6092,42.0,5.0,29.0,3,1,1,"311",New Customers
5472,75.0,5.0,29.0,2,1,1,"211",Hibernating customers
5184,75.0,5.0,29.0,2,1,1,"211",Hibernating customers
3775,88.0,5.0,29.0,1,1,1,"111",Lost customers
7430,49.0,4.0,29.0,3,1,1,"311",New Customers
7960,52.0,6.0,29.0,3,1,1,"311",New Customers
1907,38.0,6.0,30.0,4,1,1,"411",New Customers
9255,56.0,4.0,30.0,3,1,1,"311",New Customers
6194,40.0,4.0,30.0,3,1,1,"311",New Customers
1720,80.0,5.0,30.0,1,1,1,"111",Lost customers
3011,71.0,5.0,30.0,2,1,1,"211",Hibernating customers
4630,61.0,5.0,31.0,2,1,1,"211",Hibernating customers
1705,49.0,4.0,31.0,3,1,1,"311",New Customers
2788,37.0,4.0,31.0,4,1,1,"411",New Customers
6862,51.0,4.0,31.0,3,1,1,"311",New Customers
3103,34.0,4.0,31.0,4,1,1,"411",New Customers
4464,21.0,4.0,31.0,4,1,1,"411",New Customers
4943,9.0,5.0,31.0,5,1,1,"511",New Customers
7182,33.0,6.0,31.0,4,1,1,"411",New Customers
5978,48.0,6.0,31.0,3,1,1,"311",New Customers
6338,42.0,6.0,32.0,3,1,1,"311",New Customers
5865,31.0,6.0,32.0,4,1,1,"411",New Customers
9753,31.0,6.0,32.0,4,1,1,"411",New Customers
3647,13.0,6.0,32.0,5,2,1,"521",Promising
8539,52.0,5.0,32.0,3,1,1,"311",New Customers
4490,29.0,5.0,32.0,4,1,1,"411",New Customers
2518,94.0,5.0,32.0,1,1,1,"111",Lost customers
8317,94.0,5.0,32.0,1,1,1,"111",Lost customers
6906,97.0,5.0,33.0,1,1,1,"111",Lost customers
3631,66.0,5.0,33.0,2,1,1,"211",Hibernating customers
4404,27.0,5.0,33.0,4,1,1,"411",New Customers
3924,4.0,4.0,33.0,5,1,1,"511",New Customers
6525,16.0,4.0,33.0,5,1,1,"511",New Customers
7653,81.0,4.0,33.0,1,1,1,"111",Lost customers
9977,81.0,4.0,33.0,1,1,1,"111",Lost customers
9729,20.0,6.0,33.0,4,2,1,"421",New Customers
3929,63.0,6.0,33.0,2,1,1,"211",Hibernating customers
1202,34.0,8.0,33.0,4,2,1,"421",New Customers
7121,34.0,8.0,33.0,4,2,1,"421",New Customers
3829,19.0,8.0,34.0,5,2,1,"521",Promising
1549,60.0,6.0,34.0,2,1,1,"211",Hibernating customers
3131,60.0,6.0,34.0,2,1,1,"211",Hibernating customers
7017,67.0,6.0,34.0,2,1,1,"211",Hibernating customers
3624,24.0,6.0,34.0,4,1,1,"411",New Customers
5257,24.0,6.0,34.0,4,1,1,"411",New Customers
9314,46.0,7.0,34.0,3,2,1,"321",About To Sleep
5992,82.0,4.0,34.0,1,1,1,"111",Lost customers
1633,6.0,5.0,34.0,5,1,1,"511",New Customers
8209,6.0,5.0,34.0,5,1,1,"511",New Customers
4478,5.0,5.0,35.0,5,1,1,"511",New Customers
5443,2.0,5.0,35.0,5,1,1,"511",New Customers
2266,32.0,5.0,35.0,4,1,1,"411",New Customers
7842,23.0,5.0,35.0,4,1,1,"411",New Customers
4572,20.0,5.0,35.0,4,1,1,"411",New Customers
1587,69.0,5.0,35.0,2,1,1,"211",Hibernating customers
9002,82.0,5.0,35.0,1,1,1,"111",Lost customers
2904,86.0,7.0,35.0,1,2,1,"121",Lost customers
6665,57.0,6.0,35.0,3,1,1,"311",New Customers
2914,57.0,6.0,35.0,3,1,1,"311",New Customers
1836,35.0,6.0,36.0,4,1,1,"411",New Customers
9980,51.0,7.0,36.0,3,2,1,"321",About To Sleep
8177,37.0,7.0,36.0,4,2,1,"421",New Customers
7437,50.0,5.0,36.0,3,1,1,"311",New Customers
8826,56.0,5.0,37.0,3,1,1,"311",New Customers
9279,56.0,5.0,37.0,3,1,1,"311",New Customers
4960,56.0,5.0,37.0,3,1,1,"311",New Customers
5555,43.0,5.0,37.0,3,1,1,"311",New Customers
1746,75.0,5.0,37.0,2,1,1,"211",Hibernating customers
6023,99.0,5.0,37.0,1,1,1,"111",Lost customers
8678,99.0,5.0,37.0,1,1,1,"111",Lost customers
5036,82.0,6.0,37.0,1,1,1,"111",Lost customers
3163,75.0,7.0,37.0,2,2,1,"221",About To Sleep
6815,22.0,6.0,37.0,4,2,1,"421",New Customers
1888,72.0,6.0,37.0,2,1,1,"211",Hibernating customers
6455,40.0,6.0,38.0,3,1,1,"311",New Customers
8397,43.0,6.0,38.0,3,1,1,"311",New Customers
6556,90.0,7.0,38.0,1,2,1,"121",Lost customers
5542,94.0,6.0,38.0,1,1,1,"111",Lost customers
1918,94.0,6.0,38.0,1,1,1,"111",Lost customers
1151,5.0,4.0,38.0,5,1,1,"511",New Customers
8169,52.0,10.0,38.0,3,3,1,"331",About To Sleep
9258,2.0,5.0,39.0,5,1,1,"511",New Customers
5688,26.0,5.0,39.0,4,1,1,"411",New Customers
9743,93.0,7.0,39.0,1,2,1,"121",Lost customers
5697,96.0,7.0,39.0,1,2,1,"121",Lost customers
9708,58.0,6.0,39.0,3,1,1,"311",New Customers
1310,75.0,6.0,39.0,2,1,1,"211",Hibernating customers
5074,18.0,7.0,40.0,5,2,1,"521",Promising
4438,28.0,7.0,40.0,4,2,1,"421",New Customers
8542,28.0,7.0,40.0,4,2,1,"421",New Customers
2022,89.0,8.0,40.0,1,2,1,"121",Lost customers
3862,13.0,5.0,40.0,5,1,1,"511",New Customers
6582,13.0,5.0,40.0,5,1,1,"511",New Customers
9414,41.0,5.0,40.0,3,1,1,"311",New Customers
3607,51.0,5.0,40.0,3,1,1,"311",New Customers
3768,51.0,5.0,40.0,3,1,1,"311",New Customers
1901,99.0,5.0,40.0,1,1,1,"111",Lost customers
6229,83.0,6.0,40.0,1,1,1,"111",Lost customers
7897,64.0,5.0,40.0,2,1,1,"211",Hibernating customers
4753,64.0,5.0,40.0,2,1,1,"211",Hibernating customers
1261,3.0,5.0,40.0,5,1,1,"511",New Customers
1406,40.0,5.0,41.0,3,1,1,"311",New Customers
4673,37.0,5.0,41.0,4,1,1,"411",New Customers
8230,54.0,5.0,41.0,3,1,1,"311",New Customers
6161,54.0,5.0,41.0,3,1,1,"311",New Customers
8660,23.0,5.0,41.0,4,1,1,"411",New Customers
1535,74.0,7.0,41.0,2,2,1,"221",About To Sleep
4123,72.0,6.0,41.0,2,1,1,"211",Hibernating customers
5254,58.0,6.0,41.0,3,1,1,"311",New Customers
4612,48.0,6.0,41.0,3,1,1,"311",New Customers
6104,49.0,6.0,41.0,3,1,1,"311",New Customers
3375,40.0,6.0,41.0,3,1,1,"311",New Customers
9108,42.0,10.0,41.0,3,3,1,"331",About To Sleep
1525,19.0,8.0,41.0,5,2,1,"521",Promising
1281,37.0,9.0,41.0,4,2,1,"421",New Customers
2829,77.0,9.0,42.0,2,2,1,"221",About To Sleep
1300,63.0,7.0,42.0,2,2,1,"221",About To Sleep
7719,47.0,5.0,42.0,3,1,1,"311",New Customers
5796,71.0,5.0,42.0,2,1,1,"211",Hibernating customers
6888,71.0,5.0,42.0,2,1,1,"211",Hibernating customers
7880,94.0,6.0,42.0,1,1,1,"111",Lost customers
7089,1.0,5.0,42.0,5,1,1,"511",New Customers
2602,65.0,5.0,43.0,2,1,1,"211",Hibernating customers
8803,86.0,5.0,43.0,1,1,1,"111",Lost customers
4354,90.0,5.0,43.0,1,1,1,"111",Lost customers
5873,18.0,5.0,43.0,5,1,1,"511",New Customers
9252,71.0,7.0,43.0,2,2,1,"221",About To Sleep
1675,49.0,6.0,43.0,3,1,1,"311",New Customers
1386,49.0,6.0,43.0,3,1,1,"311",New Customers
7794,80.0,6.0,44.0,1,1,1,"111",Lost customers
3439,17.0,7.0,44.0,5,2,1,"521",Promising
1055,78.0,7.0,44.0,2,2,1,"221",About To Sleep
6089,98.0,8.0,44.0,1,2,1,"121",Lost customers
4562,93.0,7.0,44.0,1,2,1,"121",Lost customers
9224,35.0,5.0,44.0,4,1,1,"411",New Customers
6391,55.0,5.0,44.0,3,1,1,"311",New Customers
3426,71.0,5.0,44.0,2,1,1,"211",Hibernating customers
1054,2.0,5.0,44.0,5,1,1,"511",New Customers
9112,32.0,8.0,44.0,4,2,1,"421",New Customers
5290,38.0,10.0,44.0,4,3,1,"431",Potential Loyalist
9885,77.0,5.0,45.0,2,1,1,"211",Hibernating customers
1529,76.0,5.0,45.0,2,1,1,"211",Hibernating customers
7771,81.0,5.0,45.0,1,1,1,"111",Lost customers
1205,64.0,5.0,45.0,2,1,1,"211",Hibernating customers
1382,27.0,5.0,45.0,4,1,1,"411",New Customers
6367,31.0,5.0,45.0,4,1,1,"411",New Customers
5631,18.0,5.0,45.0,5,1,1,"511",New Customers
9932,17.0,5.0,45.0,5,1,1,"511",New Customers
7371,17.0,5.0,45.0,5,1,1,"511",New Customers
9012,71.0,7.0,45.0,2,2,1,"221",About To Sleep
2895,65.0,6.0,45.0,2,1,1,"211",Hibernating customers
7857,80.0,6.0,46.0,1,1,1,"111",Lost customers
3657,80.0,6.0,46.0,1,1,1,"111",Lost customers
2701,79.0,6.0,46.0,1,1,1,"111",Lost customers
2796,22.0,6.0,46.0,4,1,1,"411",New Customers
8348,1.0,6.0,46.0,5,2,1,"521",Promising
5428,52.0,7.0,46.0,3,2,1,"321",About To Sleep
4708,28.0,5.0,46.0,4,1,1,"411",New Customers
4500,55.0,5.0,46.0,3,1,1,"311",New Customers
5924,52.0,5.0,46.0,3,1,1,"311",New Customers
7492,83.0,5.0,46.0,1,1,1,"111",Lost customers
1935,83.0,5.0,46.0,1,1,1,"111",Lost customers
8659,68.0,5.0,46.0,2,1,1,"211",Hibernating customers
3865,3.0,5.0,46.0,5,1,1,"511",New Customers
2368,84.0,10.0,46.0,1,3,1,"131",Lost customers
1206,95.0,10.0,47.0,1,2,1,"121",Lost customers
1430,95.0,10.0,47.0,1,2,1,"121",Lost customers
7808,33.0,8.0,47.0,4,2,1,"421",New Customers
8501,33.0,8.0,47.0,4,2,1,"421",New Customers
7349,3.0,9.0,47.0,5,2,1,"521",Promising
1476,20.0,9.0,47.0,4,2,1,"421",New Customers
3779,75.0,9.0,47.0,2,2,1,"221",About To Sleep
7595,40.0,9.0,47.0,3,2,1,"321",About To Sleep
7309,43.0,9.0,47.0,3,2,1,"321",About To Sleep
3614,91.0,6.0,47.0,1,1,1,"111",Lost customers
2749,62.0,5.0,47.0,2,1,1,"211",Hibernating customers
7722,43.0,5.0,47.0,3,1,1,"311",New Customers
7035,28.0,5.0,47.0,4,1,1,"411",New Customers
5508,19.0,7.0,47.0,5,2,1,"521",Promising
6956,34.0,7.0,47.0,4,2,1,"421",New Customers
7465,24.0,7.0,48.0,4,2,1,"421",New Customers
8666,1.0,7.0,48.0,5,2,1,"521",Promising
9001,24.0,6.0,48.0,4,1,1,"411",New Customers
5216,23.0,6.0,48.0,4,1,1,"411",New Customers
1472,30.0,6.0,48.0,4,1,1,"411",New Customers
8392,30.0,6.0,48.0,4,1,1,"411",New Customers
1130,52.0,7.0,48.0,3,2,1,"321",About To Sleep
6737,90.0,7.0,48.0,1,2,1,"121",Lost customers
3641,40.0,5.0,48.0,3,1,1,"311",New Customers
3817,87.0,5.0,48.0,1,1,1,"111",Lost customers
1877,70.0,9.0,48.0,2,2,1,"221",About To Sleep
3772,19.0,9.0,48.0,5,2,1,"521",Promising
8349,55.0,10.0,48.0,3,3,1,"331",About To Sleep
9218,49.0,8.0,49.0,3,2,1,"321",About To Sleep
8736,38.0,5.0,49.0,4,1,1,"411",New Customers
8027,36.0,5.0,49.0,4,1,1,"411",New Customers
9689,29.0,5.0,49.0,4,1,1,"411",New Customers
8219,25.0,5.0,49.0,4,1,1,"411",New Customers
5944,25.0,5.0,49.0,4,1,1,"411",New Customers
4882,24.0,5.0,49.0,4,1,1,"411",New Customers
9724,42.0,5.0,49.0,3,1,1,"311",New Customers
6237,49.0,5.0,49.0,3,1,1,"311",New Customers
3676,49.0,5.0,49.0,3,1,1,"311",New Customers
9067,78.0,8.0,49.0,2,2,1,"221",About To Sleep
6395,78.0,8.0,49.0,2,2,1,"221",About To Sleep
4332,57.0,7.0,49.0,3,2,1,"321",About To Sleep
4909,57.0,7.0,49.0,3,2,1,"321",About To Sleep
1690,76.0,7.0,49.0,2,2,1,"221",About To Sleep
5937,49.0,6.0,49.0,3,1,1,"311",New Customers
6669,19.0,6.0,49.0,4,2,1,"421",New Customers
3854,19.0,6.0,49.0,5,2,1,"521",Promising
6580,36.0,7.0,49.0,4,2,1,"421",New Customers
4541,51.0,6.0,50.0,3,1,1,"311",New Customers
8552,64.0,7.0,50.0,2,2,1,"221",About To Sleep
5791,82.0,8.0,50.0,1,2,1,"121",Lost customers
2005,82.0,8.0,50.0,1,2,1,"121",Lost customers
1581,92.0,7.0,50.0,1,2,1,"121",Lost customers
3611,54.0,5.0,50.0,3,1,1,"311",New Customers
9292,10.0,5.0,50.0,5,1,1,"511",New Customers
1260,71.0,9.0,50.0,2,2,1,"221",About To Sleep
6513,96.0,12.0,50.0,1,3,1,"131",Lost customers
2574,96.0,12.0,50.0,1,3,1,"131",Lost customers
2687,40.0,8.0,51.0,3,2,1,"321",About To Sleep
9387,55.0,10.0,51.0,3,3,1,"331",About To Sleep
3351,98.0,10.0,51.0,1,3,1,"131",Lost customers
4263,3.0,5.0,51.0,5,1,1,"511",New Customers
1844,81.0,5.0,51.0,1,1,1,"111",Lost customers
4800,83.0,7.0,51.0,1,2,1,"121",Lost customers
6818,45.0,7.0,51.0,3,2,1,"321",About To Sleep
9763,45.0,7.0,51.0,3,2,1,"321",About To Sleep
3418,79.0,6.0,51.0,2,1,2,"212",Hibernating customers
5400,38.0,6.0,51.0,4,1,2,"412",New Customers
2190,14.0,7.0,51.0,5,2,2,"522",Promising
1553,14.0,7.0,51.0,5,2,2,"522",Promising
3652,1.0,7.0,51.0,5,2,2,"522",Promising
3055,7.0,7.0,51.0,5,2,2,"522",Promising
6911,37.0,6.0,52.0,4,1,2,"412",New Customers
2696,37.0,6.0,52.0,4,1,2,"412",New Customers
9599,37.0,6.0,52.0,4,1,2,"412",New Customers
7487,37.0,6.0,52.0,4,1,2,"412",New Customers
1500,45.0,7.0,52.0,3,2,2,"322",Hibernating customers
8823,97.0,5.0,52.0,1,1,2,"112",Lost customers
2204,54.0,5.0,52.0,3,1,2,"312",About To Sleep
6017,16.0,5.0,52.0,5,1,2,"512",New Customers
8427,9.0,5.0,52.0,5,1,2,"512",New Customers
7574,48.0,10.0,52.0,3,3,2,"332",Hibernating customers
8698,2.0,8.0,53.0,5,2,2,"522",Promising
7127,45.0,5.0,53.0,3,1,2,"312",About To Sleep
1249,92.0,6.0,53.0,1,1,2,"112",Lost customers
1645,80.0,6.0,53.0,1,1,2,"112",Lost customers
2242,49.0,6.0,53.0,3,1,2,"312",About To Sleep
3660,9.0,7.0,53.0,5,2,2,"522",Promising
6066,10.0,7.0,53.0,5,2,2,"522",Promising
8892,1.0,6.0,54.0,5,2,2,"522",Promising
3961,82.0,7.0,54.0,1,2,2,"122",Hibernating customers
7360,95.0,5.0,54.0,1,1,2,"112",Lost customers
5615,92.0,5.0,54.0,1,1,2,"112",Lost customers
1497,15.0,5.0,54.0,5,1,2,"512",New Customers
6285,33.0,9.0,54.0,4,2,2,"422",New Customers
3942,41.0,5.0,55.0,3,1,2,"312",About To Sleep
6712,11.0,5.0,55.0,5,1,2,"512",New Customers
2768,67.0,7.0,55.0,2,2,2,"222",Hibernating customers
6566,67.0,7.0,55.0,2,2,2,"222",Hibernating customers
8299,67.0,7.0,55.0,2,2,2,"222",Hibernating customers
1583,97.0,7.0,55.0,1,2,2,"122",Hibernating customers
4204,88.0,7.0,56.0,1,2,2,"122",Hibernating customers
5029,28.0,6.0,56.0,4,1,2,"412",New Customers
6252,88.0,5.0,56.0,1,1,2,"112",Lost customers
2337,26.0,8.0,56.0,4,2,2,"422",New Customers
4324,7.0,11.0,56.0,5,3,2,"532",Potential Loyalist
7444,86.0,11.0,56.0,1,3,2,"132",Hibernating customers
7041,96.0,11.0,56.0,1,3,2,"132",Hibernating customers
7003,50.0,12.0,56.0,3,3,2,"332",Hibernating customers
8800,8.0,10.0,57.0,5,3,2,"532",Potential Loyalist
6129,76.0,10.0,57.0,2,3,2,"232",Hibernating customers
4399,46.0,9.0,57.0,3,2,2,"322",Hibernating customers
1036,84.0,5.0,57.0,1,1,2,"112",Lost customers
5844,66.0,5.0,57.0,2,1,2,"212",Hibernating customers
9731,67.0,5.0,57.0,2,1,2,"212",Hibernating customers
8639,97.0,5.0,57.0,1,1,2,"112",Lost customers
5860,54.0,6.0,57.0,3,1,2,"312",About To Sleep
3019,78.0,6.0,57.0,2,1,2,"212",Hibernating customers
8829,25.0,7.0,57.0,4,2,2,"422",New Customers
3683,87.0,7.0,57.0,1,2,2,"122",Hibernating customers
8068,92.0,8.0,57.0,1,2,2,"122",Hibernating customers
5474,92.0,8.0,57.0,1,2,2,"122",Hibernating customers
1921,81.0,8.0,58.0,1,2,2,"122",Hibernating customers
9469,64.0,7.0,58.0,2,2,2,"222",Hibernating customers
9395,65.0,7.0,58.0,2,2,2,"222",Hibernating customers
5808,83.0,7.0,58.0,1,2,2,"122",Hibernating customers
5792,34.0,7.0,58.0,4,2,2,"422",New Customers
4816,43.0,7.0,58.0,3,2,2,"322",Hibernating customers
2970,43.0,7.0,58.0,3,2,2,"322",Hibernating customers
8243,34.0,7.0,58.0,4,2,2,"422",New Customers
4638,36.0,6.0,58.0,4,1,2,"412",New Customers
9830,99.0,5.0,58.0,1,1,2,"112",Lost customers
2244,94.0,6.0,58.0,1,1,2,"112",Lost customers
9819,92.0,5.0,58.0,1,1,2,"112",Lost customers
4865,90.0,5.0,58.0,1,1,2,"112",Lost customers
5941,78.0,9.0,58.0,2,2,2,"222",Hibernating customers
6688,86.0,9.0,58.0,1,2,2,"122",Hibernating customers
8632,49.0,9.0,59.0,3,2,2,"322",Hibernating customers
5954,16.0,8.0,59.0,5,2,2,"522",Promising
7024,1.0,7.0,59.0,5,2,2,"522",Promising
8621,95.0,7.0,59.0,1,2,2,"122",Hibernating customers
8156,78.0,7.0,60.0,2,2,2,"222",Hibernating customers
2801,5.0,7.0,60.0,5,2,2,"522",Promising
1336,5.0,7.0,60.0,5,2,2,"522",Promising
4883,28.0,7.0,60.0,4,2,2,"422",New Customers
2085,16.0,7.0,60.0,5,2,2,"522",Promising
4976,34.0,6.0,60.0,4,1,2,"412",New Customers
9780,38.0,6.0,60.0,4,1,2,"412",New Customers
8819,82.0,6.0,60.0,1,1,2,"112",Lost customers
5002,29.0,5.0,60.0,4,1,2,"412",New Customers
5890,33.0,8.0,60.0,4,2,2,"422",New Customers
3705,39.0,9.0,60.0,4,2,2,"422",New Customers
9744,77.0,9.0,60.0,2,2,2,"222",Hibernating customers
4198,53.0,10.0,60.0,3,3,2,"332",Hibernating customers
2065,49.0,10.0,60.0,3,3,2,"332",Hibernating customers
9249,5.0,10.0,60.0,5,3,2,"532",Potential Loyalist
8663,54.0,11.0,60.0,3,3,2,"332",Hibernating customers
5732,43.0,5.0,61.0,3,1,2,"312",About To Sleep
2258,25.0,7.0,61.0,4,2,2,"422",New Customers
3804,79.0,7.0,61.0,2,2,2,"222",Hibernating customers
9532,86.0,7.0,61.0,1,2,2,"122",Hibernating customers
3185,65.0,8.0,62.0,2,2,2,"222",Hibernating customers
4172,34.0,7.0,62.0,4,2,2,"422",New Customers
6820,17.0,7.0,62.0,5,2,2,"522",Promising
2964,63.0,5.0,62.0,2,1,2,"212",Hibernating customers
8852,10.0,5.0,62.0,5,1,2,"512",New Customers
6354,10.0,5.0,62.0,5,1,2,"512",New Customers
3801,77.0,5.0,63.0,2,1,2,"212",Hibernating customers
6725,77.0,5.0,63.0,2,1,2,"212",Hibernating customers
6545,77.0,5.0,63.0,2,1,2,"212",Hibernating customers
8049,86.0,7.0,63.0,1,2,2,"122",Hibernating customers
5325,39.0,10.0,63.0,4,3,2,"432",Potential Loyalist
2957,15.0,10.0,63.0,5,3,2,"532",Potential Loyalist
9552,65.0,10.0,64.0,2,3,2,"232",Hibernating customers
2329,56.0,11.0,64.0,3,3,2,"332",Hibernating customers
9801,33.0,11.0,64.0,4,3,2,"432",Potential Loyalist
6196,36.0,7.0,64.0,4,2,2,"422",New Customers
5064,60.0,7.0,64.0,2,2,2,"222",Hibernating customers
2809,34.0,7.0,64.0,4,2,2,"422",New Customers
7516,28.0,6.0,64.0,4,1,2,"412",New Customers
5123,59.0,6.0,64.0,3,1,2,"312",About To Sleep
7800,68.0,5.0,64.0,2,1,2,"212",Hibernating customers
3302,14.0,5.0,65.0,5,1,2,"512",New Customers
3352,21.0,7.0,65.0,4,2,2,"422",New Customers
2423,21.0,7.0,65.0,4,2,2,"422",New Customers
7277,10.0,7.0,65.0,5,2,2,"522",Promising
2024,56.0,7.0,65.0,3,2,2,"322",Hibernating customers
9919,53.0,11.0,65.0,3,3,2,"332",Hibernating customers
7139,44.0,11.0,65.0,3,3,2,"332",Hibernating customers
5432,58.0,9.0,65.0,3,2,2,"322",Hibernating customers
2981,79.0,9.0,66.0,1,2,2,"122",Hibernating customers
6374,39.0,9.0,66.0,4,2,2,"422",New Customers
3392,47.0,8.0,66.0,3,2,2,"322",Hibernating customers
2447,10.0,11.0,66.0,5,3,2,"532",Potential Loyalist
8001,15.0,10.0,66.0,5,3,2,"532",Potential Loyalist
2130,37.0,7.0,66.0,4,2,2,"422",New Customers
1862,16.0,6.0,66.0,5,2,2,"522",Promising
8239,13.0,6.0,66.0,5,2,2,"522",Promising
2143,65.0,6.0,66.0,2,1,2,"212",Hibernating customers
8977,83.0,6.0,66.0,1,1,2,"112",Lost customers
3542,87.0,6.0,66.0,1,1,2,"112",Lost customers
2588,10.0,5.0,66.0,5,1,2,"512",New Customers
7049,92.0,6.0,67.0,1,1,2,"112",Lost customers
1006,12.0,7.0,67.0,5,2,2,"522",Promising
3549,59.0,7.0,67.0,2,2,2,"222",Hibernating customers
5786,80.0,10.0,67.0,1,3,2,"132",Hibernating customers
5622,41.0,8.0,67.0,3,2,2,"322",Hibernating customers
3722,27.0,8.0,67.0,4,2,2,"422",New Customers
5195,27.0,8.0,67.0,4,2,2,"422",New Customers
1971,39.0,9.0,68.0,4,2,2,"422",New Customers
8918,75.0,9.0,68.0,2,2,2,"222",Hibernating customers
4188,58.0,8.0,68.0,3,2,2,"322",Hibernating customers
6823,82.0,8.0,68.0,1,2,2,"122",Hibernating customers
5972,55.0,6.0,68.0,3,1,2,"312",About To Sleep
7463,99.0,6.0,68.0,1,1,2,"112",Lost customers
7735,99.0,6.0,68.0,1,1,2,"112",Lost customers
5536,99.0,6.0,68.0,1,1,2,"112",Lost customers
2192,16.0,6.0,69.0,5,2,2,"522",Promising
5381,14.0,6.0,69.0,5,2,2,"522",Promising
3957,80.0,8.0,69.0,1,2,2,"122",Hibernating customers
9214,68.0,7.0,69.0,2,2,2,"222",Hibernating customers
4771,86.0,9.0,69.0,1,2,2,"122",Hibernating customers
4644,16.0,8.0,69.0,5,2,2,"522",Promising
2817,8.0,8.0,69.0,5,2,2,"522",Promising
8493,68.0,10.0,69.0,2,3,2,"232",Hibernating customers
6578,11.0,8.0,70.0,5,2,2,"522",Promising
4447,71.0,7.0,70.0,2,2,2,"222",Hibernating customers
2758,99.0,7.0,70.0,1,2,2,"122",Hibernating customers
7126,99.0,7.0,70.0,1,2,2,"122",Hibernating customers
4993,77.0,6.0,70.0,2,1,2,"212",Hibernating customers
1538,70.0,6.0,70.0,2,1,2,"212",Hibernating customers
6993,94.0,6.0,70.0,1,1,2,"112",Lost customers
8908,80.0,6.0,70.0,1,1,2,"112",Lost customers
3271,47.0,6.0,71.0,3,1,2,"312",About To Sleep
4505,13.0,7.0,71.0,5,2,2,"522",Promising
6608,13.0,7.0,71.0,5,2,2,"522",Promising
2949,5.0,7.0,71.0,5,2,2,"522",Promising
8369,16.0,7.0,71.0,5,2,2,"522",Promising
2295,36.0,7.0,71.0,4,2,2,"422",New Customers
6691,25.0,7.0,71.0,4,2,2,"422",New Customers
3836,76.0,9.0,71.0,2,2,2,"222",Hibernating customers
4433,45.0,9.0,71.0,3,2,2,"322",Hibernating customers
9651,80.0,11.0,71.0,1,3,2,"132",Hibernating customers
6327,47.0,10.0,72.0,3,3,2,"332",Hibernating customers
8289,47.0,10.0,72.0,3,3,2,"332",Hibernating customers
1191,23.0,9.0,72.0,4,2,2,"422",New Customers
2144,49.0,8.0,72.0,3,2,2,"322",Hibernating customers
6145,10.0,9.0,72.0,5,2,2,"522",Promising
3162,12.0,9.0,72.0,5,2,2,"522",Promising
1748,19.0,6.0,72.0,5,2,2,"522",Promising
9256,71.0,7.0,72.0,2,2,2,"222",Hibernating customers
9270,98.0,6.0,72.0,1,1,2,"112",Lost customers
3913,71.0,7.0,73.0,2,2,2,"222",Hibernating customers
2129,75.0,7.0,73.0,2,2,2,"222",Hibernating customers
9616,7.0,6.0,73.0,5,2,2,"522",Promising
2055,60.0,6.0,73.0,2,1,2,"212",Hibernating customers
9034,19.0,9.0,73.0,5,2,2,"522",Promising
4184,60.0,9.0,73.0,2,2,2,"222",Hibernating customers
3075,76.0,11.0,73.0,2,3,2,"232",Hibernating customers
6436,46.0,8.0,74.0,3,2,2,"322",Hibernating customers
9323,19.0,12.0,74.0,5,3,2,"532",Potential Loyalist
1771,51.0,6.0,74.0,3,1,2,"312",About To Sleep
8661,28.0,6.0,74.0,4,1,2,"412",New Customers
9569,46.0,6.0,74.0,3,1,2,"312",About To Sleep
8332,46.0,6.0,74.0,3,1,2,"312",About To Sleep
1365,74.0,7.0,74.0,2,2,2,"222",Hibernating customers
4323,54.0,7.0,75.0,3,2,2,"322",Hibernating customers
2094,62.0,7.0,75.0,2,2,2,"222",Hibernating customers
7721,30.0,6.0,75.0,4,1,2,"412",New Customers
1594,0.0,7.0,75.0,5,2,2,"522",Promising
9198,9.0,6.0,75.0,5,2,2,"522",Promising
1659,0.0,5.0,75.0,5,1,2,"512",New Customers
5704,5.0,9.0,75.0,5,2,2,"522",Promising
9441,62.0,9.0,75.0,2,2,2,"222",Hibernating customers
4387,62.0,9.0,75.0,2,2,2,"222",Hibernating customers
9798,2.0,9.0,76.0,5,2,2,"522",Promising
4646,2.0,9.0,76.0,5,2,2,"522",Promising
4504,14.0,7.0,76.0,5,2,2,"522",Promising
4386,29.0,6.0,77.0,4,1,2,"412",New Customers
7424,51.0,7.0,77.0,3,2,2,"322",Hibernating customers
9967,54.0,9.0,77.0,3,2,2,"322",Hibernating customers
1691,39.0,8.0,78.0,4,2,2,"422",New Customers
1207,40.0,7.0,78.0,3,2,2,"322",Hibernating customers
1983,65.0,7.0,78.0,2,2,2,"222",Hibernating customers
8815,86.0,8.0,78.0,1,2,2,"122",Hibernating customers
5623,89.0,8.0,78.0,1,2,2,"122",Hibernating customers
9880,13.0,6.0,78.0,5,2,2,"522",Promising
1870,80.0,8.0,79.0,1,2,2,"122",Hibernating customers
8987,80.0,6.0,79.0,1,1,2,"112",Lost customers
7700,10.0,8.0,79.0,5,2,2,"522",Promising
4956,11.0,9.0,79.0,5,2,2,"522",Promising
7221,11.0,9.0,79.0,5,2,2,"522",Promising
3640,67.0,9.0,79.0,2,2,2,"222",Hibernating customers
4887,97.0,9.0,79.0,1,2,2,"122",Hibernating customers
2260,49.0,10.0,80.0,3,3,2,"332",Hibernating customers
9049,63.0,9.0,80.0,2,2,2,"222",Hibernating customers
7459,39.0,9.0,80.0,4,2,2,"422",New Customers
8925,14.0,9.0,80.0,5,2,2,"522",Promising
7124,24.0,9.0,81.0,4,2,2,"422",New Customers
8527,23.0,9.0,81.0,4,2,2,"422",New Customers
4059,42.0,9.0,81.0,3,2,2,"322",Hibernating customers
7308,94.0,7.0,81.0,1,2,2,"122",Hibernating customers
1132,53.0,7.0,81.0,3,2,2,"322",Hibernating customers
8287,84.0,7.0,81.0,1,2,2,"122",Hibernating customers
9182,4.0,7.0,81.0,5,2,2,"522",Promising
8993,4.0,7.0,81.0,5,2,2,"522",Promising
1373,53.0,6.0,82.0,3,1,2,"312",About To Sleep
3508,76.0,8.0,82.0,2,2,2,"222",Hibernating customers
1440,97.0,6.0,82.0,1,1,2,"112",Lost customers
9883,87.0,9.0,82.0,1,2,2,"122",Hibernating customers
2249,77.0,10.0,82.0,2,3,2,"232",Hibernating customers
9492,57.0,10.0,82.0,3,3,2,"332",Hibernating customers
1537,13.0,9.0,83.0,5,2,2,"522",Promising
4483,52.0,5.0,83.0,3,1,2,"312",About To Sleep
9127,52.0,5.0,83.0,3,1,2,"312",About To Sleep
7051,93.0,7.0,83.0,1,2,2,"122",Hibernating customers
1760,5.0,6.0,83.0,5,2,2,"522",Promising
4415,13.0,7.0,84.0,5,2,2,"522",Promising
3214,85.0,7.0,84.0,1,2,2,"122",Hibernating customers
6226,41.0,7.0,84.0,3,2,2,"322",Hibernating customers
9540,23.0,5.0,84.0,4,1,2,"412",New Customers
8592,80.0,9.0,84.0,1,2,2,"122",Hibernating customers
5939,76.0,9.0,84.0,2,2,2,"222",Hibernating customers
3515,22.0,9.0,84.0,4,2,2,"422",New Customers
7433,37.0,11.0,84.0,4,3,2,"432",Potential Loyalist
5598,18.0,7.0,85.0,5,2,2,"522",Promising
6892,2.0,7.0,86.0,5,2,2,"522",Promising
1018,73.0,7.0,86.0,2,2,2,"222",Hibernating customers
6755,82.0,7.0,87.0,1,2,2,"122",Hibernating customers
6705,82.0,7.0,87.0,1,2,2,"122",Hibernating customers
8983,89.0,7.0,87.0,1,2,2,"122",Hibernating customers
4377,38.0,11.0,87.0,4,3,2,"432",Potential Loyalist
6160,82.0,9.0,87.0,1,2,2,"122",Hibernating customers
3910,94.0,9.0,87.0,1,2,2,"122",Hibernating customers
1931,15.0,6.0,88.0,5,2,2,"522",Promising
5098,15.0,6.0,88.0,5,2,2,"522",Promising
3875,15.0,6.0,88.0,5,2,2,"522",Promising
2141,12.0,6.0,89.0,5,2,2,"522",Promising
7263,76.0,8.0,89.0,2,2,2,"222",Hibernating customers
5736,16.0,9.0,89.0,5,2,2,"522",Promising
7580,26.0,7.0,90.0,4,2,2,"422",New Customers
9739,30.0,7.0,90.0,4,2,2,"422",New Customers
5201,15.0,8.0,91.0,5,2,2,"522",Promising
4849,83.0,9.0,91.0,1,2,2,"122",Hibernating customers
7664,2.0,11.0,91.0,5,3,2,"532",Potential Loyalist
3916,76.0,12.0,91.0,2,3,2,"232",Hibernating customers
3920,12.0,11.0,92.0,5,3,2,"532",Potential Loyalist
5030,12.0,11.0,92.0,5,3,2,"532",Potential Loyalist
8754,84.0,9.0,92.0,1,2,2,"122",Hibernating customers
7501,84.0,9.0,92.0,1,2,2,"122",Hibernating customers
7152,30.0,11.0,93.0,4,3,2,"432",Potential Loyalist
3962,81.0,11.0,93.0,1,3,2,"132",Hibernating customers
9373,51.0,8.0,93.0,3,2,2,"322",Hibernating customers
4482,89.0,7.0,93.0,1,2,2,"122",Hibernating customers
8305,89.0,8.0,94.0,1,2,2,"122",Hibernating customers
5837,93.0,8.0,94.0,1,2,2,"122",Hibernating customers
4502,83.0,7.0,94.0,1,2,2,"122",Hibernating customers
4092,72.0,9.0,94.0,2,2,2,"222",Hibernating customers
5037,0.0,8.0,94.0,5,2,2,"522",Promising
7007,0.0,8.0,95.0,5,2,2,"522",Promising
1401,6.0,9.0,95.0,5,2,2,"522",Promising
5226,6.0,9.0,95.0,5,2,2,"522",Promising
4110,15.0,9.0,95.0,5,2,2,"522",Promising
6258,30.0,8.0,95.0,4,2,2,"422",New Customers
1697,8.0,10.0,95.0,5,3,2,"532",Potential Loyalist
2268,68.0,7.0,95.0,2,2,2,"222",Hibernating customers
2487,64.0,8.0,96.0,2,2,2,"222",Hibernating customers
4997,27.0,7.0,96.0,4,2,2,"422",New Customers
1961,47.0,10.0,96.0,3,3,2,"332",Hibernating customers
2027,17.0,8.0,96.0,5,2,2,"522",Promising
2482,54.0,9.0,97.0,3,2,2,"322",Hibernating customers
3691,72.0,12.0,97.0,2,3,2,"232",Hibernating customers
4349,98.0,8.0,97.0,1,2,2,"122",Hibernating customers
6300,54.0,7.0,97.0,3,2,2,"322",Hibernating customers
4543,67.0,7.0,98.0,2,2,2,"222",Hibernating customers
5084,54.0,7.0,98.0,3,2,2,"322",Hibernating customers
7831,92.0,6.0,98.0,1,1,2,"112",Lost customers
6444,51.0,10.0,98.0,3,3,2,"332",Hibernating customers
4892,71.0,11.0,99.0,2,3,2,"232",Hibernating customers
1732,51.0,9.0,99.0,3,2,2,"322",Hibernating customers
1737,25.0,8.0,99.0,4,2,2,"422",New Customers
6520,0.0,7.0,99.0,5,2,2,"522",Promising
5048,47.0,6.0,99.0,3,1,2,"312",About To Sleep
9274,55.0,6.0,99.0,3,1,2,"312",About To Sleep
1167,47.0,6.0,99.0,3,1,2,"312",About To Sleep
4257,26.0,8.0,100.0,4,2,2,"422",New Customers
1817,82.0,10.0,100.0,1,3,2,"132",Hibernating customers
6939,96.0,9.0,101.0,1,2,2,"122",Hibernating customers
5829,38.0,9.0,102.0,4,2,2,"422",New Customers
5277,30.0,9.0,102.0,4,2,2,"422",New Customers
1224,61.0,7.0,102.0,2,2,2,"222",Hibernating customers
6093,77.0,8.0,102.0,2,2,2,"222",Hibernating customers
5397,86.0,8.0,102.0,1,2,2,"122",Hibernating customers
1469,40.0,7.0,103.0,3,2,2,"322",Hibernating customers
3323,43.0,7.0,103.0,3,2,2,"322",Hibernating customers
3247,43.0,7.0,103.0,3,2,2,"322",Hibernating customers
3312,98.0,10.0,103.0,1,3,2,"132",Hibernating customers
6750,25.0,10.0,104.0,4,3,2,"432",Potential Loyalist
9503,15.0,9.0,104.0,5,2,2,"522",Promising
2826,15.0,9.0,104.0,5,2,2,"522",Promising
4023,84.0,8.0,104.0,1,2,2,"122",Hibernating customers
5549,59.0,8.0,105.0,3,2,2,"322",Hibernating customers
8402,59.0,8.0,105.0,2,2,2,"222",Hibernating customers
8911,77.0,7.0,105.0,2,2,2,"222",Hibernating customers
9196,16.0,7.0,105.0,5,2,2,"522",Promising
4163,50.0,11.0,105.0,3,3,2,"332",Hibernating customers
8704,46.0,10.0,105.0,3,3,2,"332",Hibernating customers
4250,7.0,11.0,106.0,5,3,2,"532",Potential Loyalist
6965,94.0,9.0,106.0,1,2,2,"122",Hibernating customers
3632,14.0,7.0,106.0,5,2,2,"522",Promising
7179,84.0,7.0,106.0,1,2,2,"122",Hibernating customers
7016,69.0,8.0,106.0,2,2,2,"222",Hibernating customers
8880,69.0,8.0,106.0,2,2,2,"222",Hibernating customers
7787,92.0,8.0,106.0,1,2,2,"122",Hibernating customers
9726,71.0,8.0,109.0,2,2,2,"222",Hibernating customers
1507,50.0,7.0,109.0,3,2,2,"322",Hibernating customers
5907,2.0,7.0,109.0,5,2,2,"522",Promising
5700,61.0,9.0,109.0,2,2,2,"222",Hibernating customers
1152,34.0,9.0,109.0,4,2,2,"422",New Customers
8653,64.0,7.0,110.0,2,2,2,"222",Hibernating customers
3040,49.0,8.0,111.0,3,2,2,"322",Hibernating customers
5905,25.0,9.0,112.0,4,2,2,"422",New Customers
9625,71.0,9.0,112.0,2,2,2,"222",Hibernating customers
8869,77.0,9.0,115.0,2,2,2,"222",Hibernating customers
6363,11.0,8.0,115.0,5,2,2,"522",Promising
6453,11.0,8.0,115.0,5,2,2,"522",Promising
2859,27.0,8.0,117.0,4,2,2,"422",New Customers
8484,56.0,7.0,117.0,3,2,2,"322",Hibernating customers
5477,55.0,8.0,117.0,3,2,2,"322",Hibernating customers
9042,93.0,7.0,117.0,1,2,2,"122",Hibernating customers
7539,29.0,10.0,118.0,4,3,2,"432",Potential Loyalist
5324,43.0,9.0,119.0,3,2,2,"322",Hibernating customers
7093,63.0,8.0,119.0,2,2,2,"222",Hibernating customers
2846,2.0,9.0,120.0,5,2,2,"522",Promising
6212,63.0,11.0,122.0,2,3,2,"232",Hibernating customers
9327,54.0,7.0,122.0,3,2,2,"322",Hibernating customers
3416,77.0,7.0,122.0,2,2,2,"222",Hibernating customers
1946,86.0,11.0,123.0,1,3,2,"132",Hibernating customers
2787,86.0,11.0,123.0,1,3,2,"132",Hibernating customers
8180,86.0,11.0,123.0,1,3,3,"133",At Risk
6971,46.0,9.0,123.0,3,2,3,"323",Potential Loyalist
7867,31.0,9.0,123.0,4,2,3,"423",Potential Loyalist
4497,3.0,9.0,124.0,5,2,3,"523",Promising
5003,91.0,11.0,124.0,1,3,3,"133",At Risk
2810,22.0,10.0,124.0,4,3,3,"433",Potential Loyalist
6630,89.0,10.0,125.0,1,3,3,"133",At Risk
5566,84.0,11.0,125.0,1,3,3,"133",At Risk
6283,0.0,10.0,125.0,5,3,3,"533",Potential Loyalist
4159,24.0,10.0,125.0,4,3,3,"433",Potential Loyalist
8371,55.0,8.0,125.0,3,2,3,"323",Potential Loyalist
9562,91.0,7.0,125.0,1,2,3,"123",Hibernating customers
6340,24.0,9.0,126.0,4,2,3,"423",Potential Loyalist
6353,96.0,10.0,127.0,1,2,3,"123",Hibernating customers
9526,15.0,9.0,128.0,5,2,3,"523",Promising
9627,96.0,7.0,128.0,1,2,3,"123",Hibernating customers
1121,96.0,7.0,128.0,1,2,3,"123",Hibernating customers
6792,78.0,7.0,128.0,2,2,3,"223",Hibernating customers
8009,94.0,8.0,129.0,1,2,3,"123",Hibernating customers
3198,65.0,8.0,130.0,2,2,3,"223",Hibernating customers
5690,96.0,11.0,131.0,1,3,3,"133",At Risk
4900,77.0,11.0,132.0,2,3,3,"233",Hibernating customers
7838,13.0,8.0,132.0,5,2,3,"523",Promising
8686,51.0,7.0,132.0,3,2,3,"323",Potential Loyalist
4153,81.0,8.0,133.0,1,2,3,"123",Hibernating customers
7375,53.0,7.0,134.0,3,2,3,"323",Potential Loyalist
5454,26.0,9.0,134.0,4,2,3,"423",Potential Loyalist
6957,34.0,10.0,134.0,4,3,3,"433",Potential Loyalist
3330,34.0,10.0,134.0,4,3,3,"433",Potential Loyalist
8101,26.0,10.0,135.0,4,3,3,"433",Potential Loyalist
9165,53.0,9.0,136.0,3,2,3,"323",Potential Loyalist
4370,91.0,9.0,136.0,1,2,3,"123",Hibernating customers
8246,46.0,7.0,136.0,3,2,3,"323",Potential Loyalist
7098,86.0,8.0,136.0,1,2,3,"123",Hibernating customers
5313,72.0,8.0,137.0,2,2,3,"223",Hibernating customers
7942,20.0,9.0,137.0,4,2,3,"423",Potential Loyalist
7770,20.0,9.0,137.0,4,2,3,"423",Potential Loyalist
1335,25.0,9.0,138.0,4,2,3,"423",Potential Loyalist
8712,32.0,8.0,138.0,4,2,3,"423",Potential Loyalist
9642,27.0,8.0,140.0,4,2,3,"423",Potential Loyalist
5366,27.0,8.0,140.0,4,2,3,"423",Potential Loyalist
9985,74.0,10.0,140.0,2,3,3,"233",Hibernating customers
2583,74.0,10.0,140.0,2,3,3,"233",Hibernating customers
4314,71.0,8.0,140.0,2,2,3,"223",Hibernating customers
9383,71.0,8.0,140.0,2,2,3,"223",Hibernating customers
6607,48.0,10.0,141.0,3,3,3,"333",Potential Loyalist
8296,48.0,10.0,141.0,3,3,3,"333",Potential Loyalist
4889,9.0,11.0,141.0,5,3,3,"533",Potential Loyalist
7114,50.0,10.0,142.0,3,3,3,"333",Potential Loyalist
1362,11.0,8.0,142.0,5,2,3,"523",Promising
5052,3.0,8.0,143.0,5,2,3,"523",Promising
2897,3.0,8.0,143.0,5,2,3,"523",Promising
4825,26.0,11.0,143.0,4,3,3,"433",Potential Loyalist
7551,25.0,8.0,144.0,4,2,3,"423",Potential Loyalist
6278,57.0,7.0,146.0,3,2,3,"323",Potential Loyalist
8718,27.0,8.0,147.0,4,2,3,"423",Potential Loyalist
3967,72.0,10.0,147.0,2,3,3,"233",Hibernating customers
2170,9.0,8.0,148.0,5,2,3,"523",Promising
9758,17.0,9.0,148.0,5,2,3,"523",Promising
9228,31.0,9.0,148.0,4,2,3,"423",Potential Loyalist
2355,49.0,11.0,149.0,3,3,3,"333",Potential Loyalist
7751,39.0,10.0,150.0,3,3,3,"333",Potential Loyalist
4066,4.0,8.0,150.0,5,2,3,"523",Promising
3081,4.0,8.0,151.0,5,2,3,"523",Promising
4047,56.0,10.0,152.0,3,3,3,"333",Potential Loyalist
5263,84.0,13.0,152.0,1,3,3,"133",At Risk
6772,48.0,13.0,154.0,3,3,3,"333",Potential Loyalist
4558,49.0,13.0,155.0,3,3,3,"333",Potential Loyalist
4147,48.0,12.0,155.0,3,3,3,"333",Potential Loyalist
1605,43.0,11.0,155.0,3,3,3,"333",Potential Loyalist
4067,6.0,11.0,156.0,5,3,3,"533",Potential Loyalist
8658,22.0,10.0,158.0,4,3,3,"433",Potential Loyalist
8856,22.0,10.0,158.0,4,3,3,"433",Potential Loyalist
7956,72.0,10.0,159.0,2,3,3,"233",Hibernating customers
2324,30.0,9.0,159.0,4,2,3,"423",Potential Loyalist
5358,30.0,9.0,159.0,4,2,3,"423",Potential Loyalist
5567,30.0,9.0,159.0,4,2,3,"423",Potential Loyalist
2740,96.0,9.0,160.0,1,2,3,"123",Hibernating customers
8588,50.0,9.0,161.0,3,2,3,"323",Potential Loyalist
5317,60.0,11.0,162.0,2,3,3,"233",Hibernating customers
1159,94.0,9.0,163.0,1,2,3,"123",Hibernating customers
4227,22.0,12.0,163.0,4,3,3,"433",Potential Loyalist
7513,32.0,10.0,164.0,4,3,3,"433",Potential Loyalist
4292,94.0,9.0,165.0,1,2,3,"123",Hibernating customers
6631,3.0,9.0,165.0,5,2,3,"523",Promising
2546,74.0,8.0,165.0,2,2,3,"223",Hibernating customers
3279,74.0,8.0,165.0,2,2,3,"223",Hibernating customers
9248,83.0,13.0,166.0,1,3,3,"133",At Risk
9869,87.0,12.0,168.0,1,3,3,"133",At Risk
2544,87.0,12.0,168.0,1,3,3,"133",At Risk
8271,87.0,10.0,168.0,1,3,3,"133",At Risk
5674,1.0,11.0,168.0,5,3,3,"533",Potential Loyalist
7241,9.0,10.0,170.0,5,3,3,"533",Potential Loyalist
9791,50.0,8.0,170.0,3,2,3,"323",Potential Loyalist
1495,32.0,10.0,172.0,4,3,3,"433",Potential Loyalist
8004,52.0,12.0,172.0,3,3,3,"333",Potential Loyalist
1965,62.0,10.0,173.0,2,3,3,"233",Hibernating customers
6589,54.0,9.0,173.0,3,2,3,"323",Potential Loyalist
2908,20.0,12.0,174.0,4,3,3,"433",Potential Loyalist
4966,13.0,12.0,175.0,5,3,3,"533",Potential Loyalist
4434,40.0,11.0,175.0,3,3,3,"333",Potential Loyalist
4419,30.0,10.0,176.0,4,3,3,"433",Potential Loyalist
6057,89.0,10.0,177.0,1,3,3,"133",At Risk
3890,0.0,12.0,177.0,5,3,3,"533",Potential Loyalist
8976,0.0,12.0,177.0,5,3,3,"533",Potential Loyalist
3141,57.0,13.0,177.0,3,3,3,"333",Potential Loyalist
4815,68.0,12.0,178.0,2,3,3,"233",Hibernating customers
4804,40.0,9.0,179.0,3,2,3,"323",Potential Loyalist
1716,70.0,9.0,180.0,2,2,3,"223",Hibernating customers
5946,42.0,11.0,180.0,3,3,3,"333",Potential Loyalist
1512,74.0,12.0,180.0,2,3,3,"233",Hibernating customers
4852,11.0,10.0,181.0,5,3,3,"533",Potential Loyalist
4591,11.0,11.0,183.0,5,3,3,"533",Potential Loyalist
8159,87.0,11.0,183.0,1,3,3,"133",At Risk
1603,10.0,11.0,185.0,5,3,3,"533",Potential Loyalist
1226,35.0,12.0,185.0,4,3,3,"433",Potential Loyalist
8002,10.0,10.0,186.0,5,3,3,"533",Potential Loyalist
9325,91.0,8.0,186.0,1,2,3,"123",Hibernating customers
3781,91.0,8.0,186.0,1,2,3,"123",Hibernating customers
9125,97.0,10.0,187.0,1,2,3,"123",Hibernating customers
5280,70.0,11.0,187.0,2,3,3,"233",Hibernating customers
2965,76.0,10.0,188.0,2,3,3,"233",Hibernating customers
6811,85.0,10.0,188.0,1,3,3,"133",At Risk
3030,44.0,13.0,188.0,3,3,3,"333",Potential Loyalist
7273,18.0,12.0,189.0,5,3,3,"533",Potential Loyalist
8885,80.0,9.0,189.0,1,2,3,"123",Hibernating customers
4202,15.0,13.0,190.0,5,3,3,"533",Potential Loyalist
8636,24.0,12.0,190.0,4,3,3,"433",Potential Loyalist
2537,24.0,12.0,190.0,4,3,3,"433",Potential Loyalist
5372,4.0,10.0,191.0,5,3,3,"533",Potential Loyalist
1623,46.0,12.0,192.0,3,3,3,"333",Potential Loyalist
5597,53.0,14.0,192.0,3,3,3,"333",Potential Loyalist
6034,76.0,12.0,194.0,2,3,3,"233",Hibernating customers
6860,81.0,10.0,194.0,1,3,3,"133",At Risk
8772,92.0,11.0,195.0,1,3,3,"133",At Risk
3092,97.0,11.0,196.0,1,3,3,"133",At Risk
9631,79.0,10.0,197.0,2,3,3,"233",Hibernating customers
7343,79.0,11.0,198.0,2,3,3,"233",Hibernating customers
1376,42.0,11.0,198.0,3,3,3,"333",Potential Loyalist
8526,28.0,10.0,201.0,4,3,3,"433",Potential Loyalist
6950,76.0,12.0,201.0,2,3,3,"233",Hibernating customers
8078,76.0,12.0,201.0,2,3,3,"233",Hibernating customers
5121,80.0,15.0,202.0,1,3,3,"133",At Risk
5790,23.0,10.0,202.0,4,3,3,"433",Potential Loyalist
2481,37.0,11.0,204.0,4,3,3,"433",Potential Loyalist
9470,46.0,11.0,206.0,3,3,3,"333",Potential Loyalist
8100,96.0,10.0,208.0,1,2,3,"123",Hibernating customers
6269,83.0,11.0,210.0,1,3,3,"133",At Risk
1527,62.0,11.0,212.0,2,3,3,"233",Hibernating customers
6751,86.0,10.0,212.0,1,3,3,"133",At Risk
1875,86.0,10.0,212.0,1,3,3,"133",At Risk
9577,46.0,12.0,212.0,3,3,3,"333",Potential Loyalist
5028,35.0,10.0,213.0,4,3,3,"433",Potential Loyalist
5461,92.0,11.0,213.0,1,3,3,"133",At Risk
7161,92.0,11.0,213.0,1,3,3,"133",At Risk
3878,71.0,14.0,214.0,2,3,3,"233",Hibernating customers
1128,49.0,13.0,214.0,3,3,3,"333",Potential Loyalist
4651,94.0,16.0,214.0,1,3,3,"133",At Risk
9644,94.0,16.0,214.0,1,3,3,"133",At Risk
6585,15.0,12.0,216.0,5,3,3,"533",Potential Loyalist
9174,11.0,12.0,218.0,5,3,3,"533",Potential Loyalist
8152,64.0,15.0,218.0,2,3,3,"233",Hibernating customers
9647,97.0,12.0,219.0,1,3,3,"133",At Risk
5627,68.0,10.0,220.0,2,3,3,"233",Hibernating customers
1028,48.0,12.0,221.0,3,3,3,"333",Potential Loyalist
2769,39.0,12.0,222.0,4,3,3,"433",Potential Loyalist
5278,11.0,17.0,224.0,5,4,3,"543",Loyal
9595,0.0,12.0,225.0,5,3,3,"533",Potential Loyalist
9871,56.0,10.0,225.0,3,3,3,"333",Potential Loyalist
3047,45.0,10.0,225.0,3,3,3,"333",Potential Loyalist
9360,86.0,12.0,226.0,1,3,3,"133",At Risk
4642,79.0,12.0,226.0,2,3,3,"233",Hibernating customers
9521,30.0,10.0,227.0,4,3,3,"433",Potential Loyalist
3388,93.0,13.0,228.0,1,3,3,"133",At Risk
2945,85.0,16.0,230.0,1,3,3,"133",At Risk
7619,23.0,11.0,230.0,4,3,3,"433",Potential Loyalist
1269,23.0,11.0,230.0,4,3,3,"433",Potential Loyalist
1340,89.0,13.0,234.0,1,3,3,"133",At Risk
3840,2.0,12.0,234.0,5,3,3,"533",Potential Loyalist
5448,47.0,17.0,234.0,3,4,3,"343",Need Attention
1140,50.0,12.0,235.0,3,3,3,"333",Potential Loyalist
3954,8.0,12.0,236.0,5,3,3,"533",Potential Loyalist
4041,75.0,13.0,236.0,2,3,3,"233",Hibernating customers
8836,13.0,16.0,238.0,5,4,3,"543",Loyal
4230,9.0,11.0,238.0,5,3,3,"533",Potential Loyalist
9920,68.0,11.0,238.0,2,3,3,"233",Hibernating customers
5073,56.0,17.0,238.0,3,4,3,"343",Need Attention
8176,72.0,11.0,239.0,2,3,3,"233",Hibernating customers
3359,29.0,12.0,239.0,4,3,3,"433",Potential Loyalist
1593,16.0,12.0,240.0,5,3,3,"533",Potential Loyalist
2243,96.0,12.0,240.0,1,3,3,"133",At Risk
3463,50.0,16.0,243.0,3,4,3,"343",Need Attention
4895,81.0,17.0,243.0,1,4,3,"143",At Risk
1196,11.0,15.0,244.0,5,3,3,"533",Potential Loyalist
2162,12.0,11.0,244.0,5,3,3,"533",Potential Loyalist
4421,90.0,12.0,245.0,1,3,3,"133",At Risk
6554,64.0,13.0,247.0,2,3,3,"233",Hibernating customers
8334,45.0,14.0,247.0,3,3,3,"333",Potential Loyalist
8937,21.0,14.0,249.0,4,3,3,"433",Potential Loyalist
4911,0.0,11.0,254.0,5,3,3,"533",Potential Loyalist
5746,7.0,16.0,255.0,5,4,3,"543",Loyal
5319,7.0,16.0,255.0,5,4,3,"543",Loyal
1848,20.0,14.0,256.0,4,3,3,"433",Potential Loyalist
8245,69.0,16.0,257.0,2,4,3,"243",At Risk
2425,69.0,14.0,258.0,2,3,3,"233",Hibernating customers
3951,84.0,12.0,260.0,1,3,3,"133",At Risk
5128,84.0,12.0,260.0,1,3,3,"133",At Risk
3764,4.0,14.0,260.0,5,3,3,"533",Potential Loyalist
2428,30.0,15.0,261.0,4,3,3,"433",Potential Loyalist
1063,30.0,15.0,261.0,4,3,3,"433",Potential Loyalist
7936,63.0,12.0,262.0,2,3,3,"233",Hibernating customers
7922,65.0,12.0,263.0,2,3,3,"233",Hibernating customers
2117,81.0,15.0,266.0,1,3,3,"133",At Risk
1673,87.0,15.0,266.0,1,3,3,"133",At Risk
9902,45.0,16.0,266.0,3,4,3,"343",Need Attention
4168,6.0,9.0,266.0,5,2,3,"523",Promising
4311,25.0,15.0,267.0,4,3,3,"433",Potential Loyalist
5504,98.0,12.0,267.0,1,3,3,"133",At Risk
1580,70.0,19.0,267.0,2,4,3,"243",At Risk
3008,53.0,17.0,268.0,3,4,3,"343",Need Attention
2760,48.0,12.0,268.0,3,3,3,"333",Potential Loyalist
3952,71.0,14.0,268.0,2,3,3,"233",Hibernating customers
9955,49.0,13.0,268.0,3,3,3,"333",Potential Loyalist
6926,24.0,13.0,269.0,4,3,3,"433",Potential Loyalist
6336,90.0,12.0,269.0,1,3,3,"133",At Risk
8360,30.0,15.0,269.0,4,3,3,"433",Potential Loyalist
3863,66.0,13.0,270.0,2,3,3,"233",Hibernating customers
9212,74.0,12.0,271.0,2,3,3,"233",Hibernating customers
7870,19.0,15.0,271.0,4,3,3,"433",Potential Loyalist
5687,11.0,15.0,272.0,5,3,3,"533",Potential Loyalist
6069,59.0,13.0,272.0,3,3,3,"333",Potential Loyalist
7658,97.0,17.0,272.0,1,4,3,"143",At Risk
7888,52.0,13.0,273.0,3,3,3,"333",Potential Loyalist
3481,90.0,12.0,273.0,1,3,3,"133",At Risk
5346,37.0,15.0,273.0,4,3,3,"433",Potential Loyalist
6633,98.0,15.0,273.0,1,3,3,"133",At Risk
4455,92.0,15.0,273.0,1,3,3,"133",At Risk
4557,65.0,17.0,274.0,2,4,3,"243",At Risk
3373,1.0,14.0,275.0,5,3,3,"533",Potential Loyalist
9391,43.0,13.0,276.0,3,3,3,"333",Potential Loyalist
8060,77.0,14.0,277.0,2,3,3,"233",Hibernating customers
5462,78.0,12.0,277.0,2,3,3,"233",Hibernating customers
2869,74.0,12.0,278.0,2,3,3,"233",Hibernating customers
5018,56.0,14.0,278.0,3,3,3,"333",Potential Loyalist
9828,85.0,15.0,278.0,1,3,3,"133",At Risk
3491,9.0,17.0,278.0,5,4,3,"543",Loyal
2113,32.0,12.0,281.0,4,3,3,"433",Potential Loyalist
7138,27.0,12.0,282.0,4,3,3,"433",Potential Loyalist
7915,55.0,13.0,282.0,3,3,3,"333",Potential Loyalist
6653,51.0,16.0,282.0,3,4,3,"343",Need Attention
1739,51.0,18.0,282.0,3,4,3,"343",Need Attention
5139,10.0,16.0,285.0,5,4,3,"543",Loyal
3376,73.0,12.0,286.0,2,3,3,"233",Hibernating customers
5464,74.0,16.0,287.0,2,4,3,"243",At Risk
7834,24.0,12.0,288.0,4,3,3,"433",Potential Loyalist
7543,92.0,15.0,292.0,1,3,3,"133",At Risk
1419,92.0,15.0,292.0,1,3,3,"133",At Risk
3606,61.0,14.0,293.0,2,3,3,"233",Hibernating customers
1744,35.0,17.0,295.0,4,4,3,"443",Need Attention
5909,50.0,17.0,296.0,3,4,3,"343",Need Attention
8695,16.0,17.0,297.0,5,4,3,"543",Loyal
4846,26.0,12.0,299.0,4,3,3,"433",Potential Loyalist
2761,64.0,15.0,299.0,2,3,3,"233",Hibernating customers
5774,50.0,16.0,300.0,3,4,3,"343",Need Attention
6929,39.0,12.0,302.0,4,3,3,"433",Potential Loyalist
5918,36.0,14.0,302.0,4,3,3,"433",Potential Loyalist
1985,30.0,16.0,303.0,4,4,3,"443",Need Attention
9097,73.0,12.0,304.0,2,3,3,"233",Hibernating customers
4598,8.0,17.0,305.0,5,4,3,"543",Loyal
9462,88.0,13.0,307.0,1,3,3,"133",At Risk
6192,83.0,13.0,308.0,1,3,3,"133",At Risk
2188,20.0,14.0,309.0,4,3,3,"433",Potential Loyalist
4347,4.0,15.0,309.0,5,3,3,"533",Potential Loyalist
3861,99.0,14.0,312.0,1,3,3,"133",At Risk
3326,88.0,13.0,313.0,1,3,3,"133",At Risk
9970,53.0,15.0,313.0,3,3,3,"333",Potential Loyalist
7304,48.0,16.0,313.0,3,4,3,"343",Need Attention
6991,74.0,15.0,314.0,2,3,3,"233",Hibernating customers
7195,74.0,15.0,314.0,2,3,3,"233",Hibernating customers
5380,9.0,14.0,314.0,5,3,3,"533",Potential Loyalist
6847,51.0,13.0,314.0,3,3,3,"333",Potential Loyalist
6344,74.0,13.0,315.0,2,3,3,"233",Hibernating customers
2489,13.0,12.0,315.0,5,3,3,"533",Potential Loyalist
5396,71.0,19.0,315.0,2,4,3,"243",At Risk
5124,65.0,13.0,316.0,2,3,3,"233",Hibernating customers
5017,33.0,13.0,318.0,4,3,3,"433",Potential Loyalist
8445,81.0,14.0,318.0,1,3,3,"133",At Risk
6166,38.0,16.0,318.0,4,4,3,"443",Need Attention
1782,41.0,12.0,319.0,3,3,3,"333",Potential Loyalist
5274,8.0,17.0,319.0,5,4,3,"543",Loyal
8481,20.0,13.0,320.0,4,3,3,"433",Potential Loyalist
5109,20.0,13.0,320.0,4,3,3,"433",Potential Loyalist
2613,39.0,14.0,320.0,4,3,3,"433",Potential Loyalist
7129,56.0,11.0,321.0,3,3,3,"333",Potential Loyalist
1816,56.0,11.0,321.0,3,3,3,"333",Potential Loyalist
9963,8.0,17.0,321.0,5,4,3,"543",Loyal
7732,8.0,17.0,321.0,5,4,3,"543",Loyal
3953,70.0,16.0,322.0,2,4,3,"243",At Risk
8973,70.0,16.0,322.0,2,4,3,"243",At Risk
5027,88.0,13.0,323.0,1,3,3,"133",At Risk
6406,97.0,16.0,325.0,1,3,3,"133",At Risk
3938,22.0,15.0,325.0,4,3,3,"433",Potential Loyalist
7631,14.0,14.0,327.0,5,3,3,"533",Potential Loyalist
5563,20.0,17.0,327.0,4,4,3,"443",Need Attention
3959,7.0,17.0,328.0,5,4,3,"543",Loyal
5534,6.0,17.0,329.0,5,4,3,"543",Loyal
1460,97.0,14.0,329.0,1,3,3,"133",At Risk
9109,40.0,14.0,333.0,3,3,3,"333",Potential Loyalist
3483,73.0,12.0,334.0,2,3,3,"233",Hibernating customers
8104,9.0,15.0,334.0,5,3,3,"533",Potential Loyalist
1112,67.0,16.0,335.0,2,4,3,"243",At Risk
2843,29.0,13.0,337.0,4,3,3,"433",Potential Loyalist
1411,0.0,15.0,338.0,5,3,3,"533",Potential Loyalist
5370,68.0,15.0,342.0,2,3,3,"233",Hibernating customers
7755,80.0,17.0,344.0,1,4,3,"143",At Risk
6030,34.0,16.0,346.0,4,4,3,"443",Need Attention
8723,29.0,11.0,346.0,4,3,3,"433",Potential Loyalist
9285,93.0,16.0,350.0,1,3,3,"133",At Risk
3291,90.0,19.0,351.0,1,4,3,"143",At Risk
9190,31.0,13.0,353.0,4,3,3,"433",Potential Loyalist
3978,30.0,14.0,353.0,4,3,3,"433",Potential Loyalist
7174,90.0,16.0,354.0,1,3,3,"133",At Risk
2873,54.0,18.0,356.0,3,4,3,"343",Need Attention
2954,53.0,14.0,357.0,3,3,3,"333",Potential Loyalist
6400,16.0,19.0,360.0,5,4,3,"543",Loyal
9793,51.0,17.0,361.0,3,4,3,"343",Need Attention
8730,48.0,13.0,361.0,3,3,3,"333",Potential Loyalist
4614,48.0,16.0,364.0,3,4,3,"343",Need Attention
6878,36.0,18.0,365.0,4,4,3,"443",Need Attention
6025,96.0,15.0,366.0,1,3,3,"133",At Risk
1682,9.0,15.0,368.0,5,3,3,"533",Potential Loyalist
6469,18.0,14.0,370.0,5,3,3,"533",Potential Loyalist
3949,27.0,17.0,370.0,4,4,3,"443",Need Attention
8796,17.0,13.0,371.0,5,3,3,"533",Potential Loyalist
3744,61.0,13.0,372.0,2,3,3,"233",Hibernating customers
4452,90.0,16.0,372.0,1,3,3,"133",At Risk
8105,26.0,16.0,372.0,4,4,3,"443",Need Attention
7772,26.0,16.0,372.0,4,4,3,"443",Need Attention
6488,1.0,17.0,374.0,5,4,3,"543",Loyal
8962,3.0,17.0,375.0,5,4,3,"543",Loyal
4423,88.0,18.0,376.0,1,4,3,"143",At Risk
5142,55.0,18.0,380.0,3,4,3,"343",Need Attention
1102,30.0,17.0,380.0,4,4,3,"443",Need Attention
5421,63.0,18.0,383.0,2,4,3,"243",At Risk
5711,47.0,15.0,385.0,3,3,3,"333",Potential Loyalist
2933,86.0,15.0,385.0,1,3,3,"133",At Risk
5315,54.0,20.0,387.0,3,4,3,"343",Need Attention
8863,46.0,14.0,388.0,3,3,3,"333",Potential Loyalist
2241,97.0,15.0,391.0,1,3,3,"133",At Risk
9756,62.0,16.0,393.0,2,4,3,"243",At Risk
8737,27.0,15.0,395.0,4,3,3,"433",Potential Loyalist
3425,6.0,14.0,396.0,5,3,3,"533",Potential Loyalist
5015,37.0,12.0,396.0,4,3,3,"433",Potential Loyalist
1837,0.0,17.0,396.0,5,4,3,"543",Loyal
6005,37.0,19.0,398.0,4,4,3,"443",Need Attention
7449,21.0,15.0,398.0,4,3,3,"433",Potential Loyalist
9304,9.0,15.0,399.0,5,3,3,"533",Potential Loyalist
3777,56.0,16.0,399.0,3,4,3,"343",Need Attention
9997,26.0,20.0,399.0,4,4,3,"443",Need Attention
9321,62.0,17.0,400.0,2,4,3,"243",At Risk
1652,37.0,15.0,400.0,4,3,3,"433",Potential Loyalist
9342,94.0,15.0,400.0,1,3,3,"133",At Risk
8442,13.0,14.0,401.0,5,3,3,"533",Potential Loyalist
9398,2.0,21.0,403.0,5,4,3,"543",Loyal
1197,50.0,17.0,404.0,3,4,3,"343",Need Attention
8469,29.0,17.0,404.0,4,4,3,"443",Need Attention
9424,70.0,19.0,404.0,2,4,3,"243",At Risk
2186,61.0,19.0,404.0,2,4,3,"243",At Risk
1349,30.0,15.0,404.0,4,3,3,"433",Potential Loyalist
7920,0.0,16.0,407.0,5,4,3,"543",Loyal
9216,23.0,17.0,407.0,4,4,3,"443",Need Attention
9211,23.0,17.0,407.0,4,4,3,"443",Need Attention
3946,28.0,17.0,408.0,4,4,3,"443",Need Attention
9203,64.0,18.0,408.0,2,4,4,"244",At Risk
2018,43.0,16.0,408.0,3,4,4,"344",Loyal
7160,56.0,15.0,409.0,3,3,4,"334",Need Attention
8497,38.0,14.0,409.0,4,3,4,"434",Need Attention
9359,8.0,16.0,410.0,5,4,4,"544",Champions
1458,19.0,13.0,412.0,5,3,4,"534",Need Attention
7222,32.0,16.0,413.0,4,4,4,"444",Loyal
1035,32.0,16.0,413.0,4,4,4,"444",Loyal
7802,91.0,16.0,414.0,1,3,4,"134",At Risk
4963,69.0,19.0,414.0,2,4,4,"244",At Risk
5391,60.0,21.0,414.0,2,5,4,"254",At Risk
2529,60.0,21.0,414.0,2,5,4,"254",At Risk
2806,38.0,18.0,416.0,4,4,4,"444",Loyal
4682,10.0,20.0,417.0,5,4,4,"544",Champions
1164,93.0,15.0,417.0,1,3,4,"134",At Risk
4039,82.0,12.0,417.0,1,3,4,"134",At Risk
9116,49.0,22.0,418.0,3,5,4,"354",Loyal
2418,52.0,17.0,418.0,3,4,4,"344",Loyal
1558,73.0,17.0,418.0,2,4,4,"244",At Risk
7955,44.0,23.0,419.0,3,5,4,"354",Loyal
9069,11.0,14.0,420.0,5,3,4,"534",Need Attention
1575,72.0,18.0,421.0,2,4,4,"244",At Risk
9507,27.0,18.0,424.0,4,4,4,"444",Loyal
4100,94.0,19.0,425.0,1,4,4,"144",Cannot Lose Them
8862,3.0,19.0,427.0,5,4,4,"544",Champions
9596,56.0,15.0,427.0,3,3,4,"334",Need Attention
7356,56.0,15.0,427.0,3,3,4,"334",Need Attention
3857,52.0,16.0,428.0,3,4,4,"344",Loyal
1792,52.0,16.0,428.0,3,4,4,"344",Loyal
8190,24.0,12.0,429.0,4,3,4,"434",Need Attention
7965,91.0,16.0,431.0,1,3,4,"134",At Risk
9102,28.0,17.0,432.0,4,4,4,"444",Loyal
2096,87.0,16.0,434.0,1,3,4,"134",At Risk
2160,32.0,17.0,436.0,4,4,4,"444",Loyal
5680,18.0,16.0,437.0,5,4,4,"544",Champions
9408,89.0,13.0,437.0,1,3,4,"134",At Risk
4858,61.0,19.0,439.0,2,4,4,"244",At Risk
8321,56.0,20.0,439.0,3,4,4,"344",Loyal
9349,56.0,20.0,439.0,3,4,4,"344",Loyal
6009,92.0,19.0,440.0,1,4,4,"144",Cannot Lose Them
4014,61.0,17.0,441.0,2,4,4,"244",At Risk
8122,68.0,17.0,444.0,2,4,4,"244",At Risk
1145,2.0,16.0,444.0,5,4,4,"544",Champions
7391,72.0,15.0,445.0,2,3,4,"234",At Risk
8923,38.0,16.0,446.0,4,4,4,"444",Loyal
2741,95.0,20.0,446.0,1,4,4,"144",Cannot Lose Them
1999,69.0,20.0,447.0,2,4,4,"244",At Risk
8272,69.0,20.0,447.0,2,4,4,"244",At Risk
5772,56.0,22.0,447.0,3,5,4,"354",Loyal
6060,56.0,22.0,447.0,3,5,4,"354",Loyal
6328,1.0,18.0,449.0,5,4,4,"544",Champions
9785,30.0,22.0,450.0,4,5,4,"454",Champions
6510,89.0,17.0,451.0,1,4,4,"144",Cannot Lose Them
6659,92.0,17.0,452.0,1,4,4,"144",Cannot Lose Them
7781,75.0,14.0,452.0,2,3,4,"234",At Risk
1591,95.0,15.0,453.0,1,3,4,"134",At Risk
2319,52.0,18.0,453.0,3,4,4,"344",Loyal
3646,67.0,17.0,453.0,2,4,4,"244",At Risk
7634,40.0,18.0,457.0,3,4,4,"344",Loyal
7086,3.0,20.0,458.0,5,4,4,"544",Champions
2451,66.0,21.0,461.0,2,5,4,"254",At Risk
9601,66.0,21.0,461.0,2,5,4,"254",At Risk
8991,59.0,16.0,462.0,2,4,4,"244",At Risk
8720,32.0,19.0,463.0,4,4,4,"444",Loyal
6720,96.0,19.0,463.0,1,4,4,"144",Cannot Lose Them
6076,1.0,19.0,464.0,5,4,4,"544",Champions
2614,47.0,16.0,464.0,3,4,4,"344",Loyal
6394,74.0,15.0,464.0,2,3,4,"234",At Risk
5149,13.0,16.0,466.0,5,4,4,"544",Champions
9118,10.0,19.0,466.0,5,4,4,"544",Champions
6369,39.0,19.0,470.0,4,4,4,"444",Loyal
8888,14.0,17.0,470.0,5,4,4,"544",Champions
5626,80.0,21.0,470.0,1,5,4,"154",Cannot Lose Them
7865,98.0,16.0,470.0,1,3,4,"134",At Risk
1944,4.0,14.0,470.0,5,3,4,"534",Need Attention
3505,32.0,15.0,470.0,4,3,4,"434",Need Attention
9197,39.0,19.0,471.0,3,4,4,"344",Loyal
9276,8.0,17.0,473.0,5,4,4,"544",Champions
3585,81.0,18.0,473.0,1,4,4,"144",Cannot Lose Them
6736,4.0,18.0,476.0,5,4,4,"544",Champions
6883,28.0,16.0,476.0,4,4,4,"444",Loyal
3678,60.0,23.0,483.0,2,5,4,"254",At Risk
3922,79.0,20.0,485.0,2,4,4,"244",At Risk
7082,46.0,18.0,487.0,3,4,4,"344",Loyal
8198,18.0,17.0,488.0,5,4,4,"544",Champions
8268,14.0,18.0,489.0,5,4,4,"544",Champions
2931,54.0,16.0,489.0,3,4,4,"344",Loyal
6097,20.0,15.0,489.0,4,3,4,"434",Need Attention
9878,46.0,21.0,491.0,3,5,4,"354",Loyal
4879,28.0,19.0,493.0,4,4,4,"444",Loyal
7426,29.0,18.0,494.0,4,4,4,"444",Loyal
1355,11.0,17.0,495.0,5,4,4,"544",Champions
2042,98.0,22.0,496.0,1,5,4,"154",Cannot Lose Them
4142,98.0,22.0,496.0,1,5,4,"154",Cannot Lose Them
2289,52.0,23.0,496.0,3,5,4,"354",Loyal
4526,67.0,22.0,497.0,2,5,4,"254",At Risk
9550,12.0,18.0,498.0,5,4,4,"544",Champions
1219,82.0,18.0,499.0,1,4,4,"144",Cannot Lose Them
1418,1.0,19.0,500.0,5,4,4,"544",Champions
5590,74.0,17.0,502.0,2,4,4,"244",At Risk
8188,10.0,20.0,503.0,5,4,4,"544",Champions
7528,6.0,20.0,505.0,5,4,4,"544",Champions
2294,33.0,19.0,507.0,4,4,4,"444",Loyal
1686,22.0,17.0,509.0,4,4,4,"444",Loyal
9659,22.0,17.0,509.0,4,4,4,"444",Loyal
7029,41.0,21.0,509.0,3,5,4,"354",Loyal
3573,29.0,17.0,510.0,4,4,4,"444",Loyal
8547,71.0,18.0,510.0,2,4,4,"244",At Risk
7947,71.0,18.0,510.0,2,4,4,"244",At Risk
5769,81.0,17.0,510.0,1,4,4,"144",Cannot Lose Them
8179,19.0,17.0,521.0,5,4,4,"544",Champions
2246,63.0,19.0,521.0,2,4,4,"244",At Risk
3342,63.0,19.0,522.0,2,4,4,"244",At Risk
5429,80.0,19.0,524.0,1,4,4,"144",Cannot Lose Them
4945,31.0,22.0,524.0,4,5,4,"454",Champions
6262,80.0,22.0,526.0,1,5,4,"154",Cannot Lose Them
8145,91.0,19.0,528.0,1,4,4,"144",Cannot Lose Them
8379,73.0,18.0,529.0,2,4,4,"244",At Risk
9103,35.0,21.0,530.0,4,4,4,"444",Loyal
5287,38.0,20.0,531.0,4,4,4,"444",Loyal
8506,38.0,17.0,532.0,4,4,4,"444",Loyal
9122,8.0,17.0,533.0,5,4,4,"544",Champions
2225,93.0,19.0,533.0,1,4,4,"144",Cannot Lose Them
6213,65.0,18.0,537.0,2,4,4,"244",At Risk
9302,50.0,19.0,538.0,3,4,4,"344",Loyal
2886,42.0,20.0,545.0,3,4,4,"344",Loyal
3453,86.0,20.0,545.0,1,4,4,"144",Cannot Lose Them
3042,69.0,21.0,545.0,2,5,4,"254",At Risk
5848,0.0,20.0,547.0,5,4,4,"544",Champions
2765,0.0,20.0,547.0,5,4,4,"544",Champions
2612,83.0,19.0,548.0,1,4,4,"144",Cannot Lose Them
7380,58.0,18.0,548.0,3,4,4,"344",Loyal
6721,93.0,18.0,549.0,1,4,4,"144",Cannot Lose Them
1624,63.0,17.0,549.0,2,4,4,"244",At Risk
9808,19.0,21.0,554.0,5,4,4,"544",Champions
1092,9.0,21.0,559.0,5,4,4,"544",Champions
4018,87.0,16.0,562.0,1,3,4,"134",At Risk
6106,19.0,18.0,564.0,5,4,4,"544",Champions
6014,64.0,20.0,565.0,2,4,4,"244",At Risk
5099,17.0,19.0,565.0,5,4,4,"544",Champions
8738,38.0,18.0,566.0,4,4,4,"444",Loyal
4880,33.0,19.0,567.0,4,4,4,"444",Loyal
5043,33.0,19.0,567.0,4,4,4,"444",Loyal
7695,46.0,24.0,567.0,3,5,4,"354",Loyal
3082,14.0,18.0,571.0,5,4,4,"544",Champions
2877,81.0,21.0,576.0,1,5,4,"154",Cannot Lose Them
5261,34.0,22.0,576.0,4,5,4,"454",Champions
3535,87.0,21.0,577.0,1,5,4,"154",Cannot Lose Them
7641,75.0,17.0,579.0,2,4,4,"244",At Risk
1165,84.0,16.0,579.0,1,3,4,"134",At Risk
1829,84.0,16.0,579.0,1,3,4,"134",At Risk
8565,0.0,18.0,580.0,5,4,4,"544",Champions
7299,74.0,20.0,580.0,2,4,4,"244",At Risk
8039,69.0,20.0,581.0,2,4,4,"244",At Risk
2380,42.0,18.0,584.0,3,4,4,"344",Loyal
1216,55.0,22.0,589.0,3,5,4,"354",Loyal
4072,55.0,22.0,589.0,3,5,4,"354",Loyal
3788,45.0,21.0,589.0,3,5,4,"354",Loyal
4704,34.0,21.0,593.0,4,4,4,"444",Loyal
8957,69.0,20.0,597.0,2,4,4,"244",At Risk
5220,64.0,23.0,598.0,2,5,4,"254",At Risk
3024,44.0,20.0,599.0,3,4,4,"344",Loyal
5177,83.0,22.0,600.0,1,5,4,"154",Cannot Lose Them
5430,28.0,17.0,602.0,4,4,4,"444",Loyal
7072,11.0,17.0,604.0,5,4,4,"544",Champions
2828,11.0,19.0,605.0,5,4,4,"544",Champions
8120,32.0,19.0,608.0,4,4,4,"444",Loyal
7913,8.0,19.0,609.0,5,4,4,"544",Champions
4308,72.0,22.0,609.0,2,5,4,"254",At Risk
8916,53.0,22.0,609.0,3,5,4,"354",Loyal
8260,57.0,23.0,609.0,3,5,4,"354",Loyal
1993,57.0,23.0,609.0,3,5,4,"354",Loyal
3499,27.0,20.0,611.0,4,4,4,"444",Loyal
9499,34.0,18.0,611.0,4,4,4,"444",Loyal
8311,34.0,18.0,611.0,4,4,4,"444",Loyal
6661,51.0,25.0,613.0,3,5,4,"354",Loyal
6426,74.0,20.0,614.0,2,4,4,"244",At Risk
4681,51.0,25.0,615.0,3,5,4,"354",Loyal
6167,48.0,25.0,615.0,3,5,4,"354",Loyal
7485,18.0,22.0,615.0,5,5,4,"554",Champions
5423,26.0,20.0,617.0,4,4,4,"444",Loyal
2071,48.0,23.0,618.0,3,5,4,"354",Loyal
4589,68.0,20.0,625.0,2,4,4,"244",At Risk
1861,22.0,22.0,632.0,4,5,4,"454",Champions
5289,78.0,24.0,633.0,2,5,4,"254",At Risk
3488,42.0,23.0,635.0,3,5,4,"354",Loyal
8125,53.0,23.0,636.0,3,5,4,"354",Loyal
4493,68.0,19.0,637.0,2,4,4,"244",At Risk
1227,98.0,23.0,638.0,1,5,4,"154",Cannot Lose Them
6011,38.0,21.0,639.0,4,5,4,"454",Champions
2920,46.0,20.0,639.0,3,4,4,"344",Loyal
8336,88.0,20.0,640.0,1,4,4,"144",Cannot Lose Them
9147,24.0,25.0,640.0,4,5,4,"454",Champions
8644,21.0,19.0,641.0,4,4,4,"444",Loyal
7176,23.0,22.0,642.0,4,5,4,"454",Champions
8655,49.0,19.0,644.0,3,4,4,"344",Loyal
3658,33.0,16.0,644.0,4,4,4,"444",Loyal
4733,4.0,18.0,656.0,5,4,4,"544",Champions
9893,23.0,20.0,656.0,4,4,4,"444",Loyal
6120,23.0,20.0,656.0,4,4,4,"444",Loyal
1889,87.0,26.0,656.0,1,5,4,"154",Cannot Lose Them
7724,9.0,25.0,657.0,5,5,4,"554",Champions
6125,95.0,21.0,658.0,1,5,4,"154",Cannot Lose Them
9193,50.0,21.0,659.0,3,5,4,"354",Loyal
7457,65.0,22.0,663.0,2,5,4,"254",At Risk
4193,65.0,22.0,663.0,2,5,4,"254",At Risk
6679,85.0,25.0,663.0,1,5,4,"154",Cannot Lose Them
4306,72.0,23.0,664.0,2,5,4,"254",At Risk
5741,88.0,24.0,664.0,1,5,4,"154",Cannot Lose Them
2183,46.0,24.0,665.0,3,5,4,"354",Loyal
5793,56.0,20.0,665.0,3,4,4,"344",Loyal
2253,88.0,22.0,666.0,1,5,4,"154",Cannot Lose Them
1948,78.0,21.0,667.0,2,5,4,"254",At Risk
8551,19.0,20.0,667.0,5,4,4,"544",Champions
3902,38.0,20.0,673.0,4,4,4,"444",Loyal
1561,76.0,20.0,680.0,2,4,4,"244",At Risk
2601,24.0,22.0,682.0,4,5,4,"454",Champions
3251,23.0,21.0,683.0,4,4,4,"444",Loyal
2227,94.0,18.0,683.0,1,4,4,"144",Cannot Lose Them
6625,85.0,20.0,685.0,1,4,4,"144",Cannot Lose Them
3200,56.0,20.0,686.0,3,4,4,"344",Loyal
4010,87.0,22.0,688.0,1,5,4,"154",Cannot Lose Them
6724,3.0,25.0,688.0,5,5,4,"554",Champions
4296,45.0,21.0,691.0,3,5,4,"354",Loyal
1557,99.0,20.0,692.0,1,4,4,"144",Cannot Lose Them
2513,41.0,17.0,693.0,3,4,4,"344",Loyal
6887,98.0,25.0,694.0,1,5,4,"154",Cannot Lose Them
6996,92.0,18.0,695.0,1,4,4,"144",Cannot Lose Them
6239,9.0,21.0,695.0,5,4,4,"544",Champions
5517,65.0,19.0,696.0,2,4,4,"244",At Risk
7303,94.0,22.0,697.0,1,5,4,"154",Cannot Lose Them
7381,24.0,23.0,697.0,4,5,4,"454",Champions
5322,11.0,21.0,705.0,5,4,4,"544",Champions
7610,0.0,26.0,707.0,5,5,4,"554",Champions
9378,87.0,21.0,711.0,1,5,4,"154",Cannot Lose Them
3741,28.0,24.0,713.0,4,5,4,"454",Champions
3735,36.0,10.0,714.0,4,3,4,"434",Need Attention
6901,3.0,22.0,717.0,5,5,4,"554",Champions
3500,16.0,22.0,719.0,5,5,4,"554",Champions
9531,25.0,22.0,727.0,4,5,4,"454",Champions
4280,96.0,19.0,728.0,1,4,4,"144",Cannot Lose Them
7142,10.0,19.0,728.0,5,4,4,"544",Champions
6706,51.0,20.0,728.0,3,4,4,"344",Loyal
5530,66.0,22.0,730.0,2,5,4,"254",At Risk
8253,39.0,26.0,730.0,3,5,4,"354",Loyal
1627,87.0,21.0,731.0,1,5,4,"154",Cannot Lose Them
3016,44.0,21.0,731.0,3,5,4,"354",Loyal
8157,58.0,17.0,732.0,3,4,4,"344",Loyal
7148,95.0,25.0,733.0,1,5,4,"154",Cannot Lose Them
9671,49.0,25.0,733.0,3,5,4,"354",Loyal
9911,59.0,22.0,734.0,2,5,4,"254",At Risk
1672,25.0,22.0,734.0,4,5,4,"454",Champions
8475,23.0,28.0,735.0,4,5,4,"454",Champions
1225,12.0,23.0,736.0,5,5,4,"554",Champions
6347,99.0,20.0,737.0,1,4,4,"144",Cannot Lose Them
2405,11.0,26.0,737.0,5,5,4,"554",Champions
1002,92.0,21.0,738.0,1,5,4,"154",Cannot Lose Them
1266,81.0,20.0,748.0,1,4,4,"144",Cannot Lose Them
4255,9.0,21.0,749.0,5,4,4,"544",Champions
5747,72.0,11.0,749.0,2,3,4,"234",At Risk
7400,90.0,23.0,750.0,1,5,4,"154",Cannot Lose Them
8677,93.0,19.0,750.0,1,4,4,"144",Cannot Lose Them
6604,29.0,24.0,752.0,4,5,4,"454",Champions
1166,71.0,15.0,759.0,2,3,4,"234",At Risk
4045,4.0,22.0,760.0,5,5,4,"554",Champions
5604,66.0,22.0,761.0,2,5,4,"254",At Risk
8901,3.0,21.0,761.0,5,4,4,"544",Champions
9986,30.0,20.0,764.0,4,4,4,"444",Loyal
9754,15.0,22.0,766.0,5,5,4,"554",Champions
1446,60.0,23.0,767.0,2,5,4,"254",At Risk
5880,83.0,23.0,769.0,1,5,4,"154",Cannot Lose Them
2711,98.0,23.0,770.0,1,5,4,"154",Cannot Lose Them
6218,54.0,21.0,772.0,3,5,4,"354",Loyal
1780,54.0,21.0,772.0,3,5,4,"354",Loyal
8089,86.0,23.0,773.0,1,5,4,"154",Cannot Lose Them
8764,60.0,22.0,775.0,2,5,4,"254",At Risk
2849,62.0,24.0,778.0,2,5,4,"254",At Risk
5183,26.0,21.0,779.0,4,4,4,"444",Loyal
9040,24.0,17.0,780.0,4,4,4,"444",Loyal
1823,24.0,17.0,780.0,4,4,4,"444",Loyal
2876,59.0,26.0,782.0,2,5,4,"254",At Risk
8170,80.0,23.0,790.0,1,5,4,"154",Cannot Lose Them
4962,84.0,22.0,792.0,1,5,4,"154",Cannot Lose Them
4060,2.0,23.0,792.0,5,5,4,"554",Champions
7550,80.0,23.0,795.0,1,5,4,"154",Cannot Lose Them
7606,95.0,24.0,796.0,1,5,4,"154",Cannot Lose Them
8016,40.0,22.0,797.0,3,5,4,"354",Loyal
7279,68.0,21.0,797.0,2,5,4,"254",At Risk
1932,57.0,21.0,798.0,3,5,4,"354",Loyal
7534,12.0,26.0,798.0,5,5,4,"554",Champions
7210,17.0,22.0,800.0,5,5,4,"554",Champions
5884,8.0,20.0,800.0,5,4,4,"544",Champions
5355,14.0,15.0,800.0,5,3,4,"534",Need Attention
7399,58.0,28.0,801.0,3,5,4,"354",Loyal
8240,12.0,24.0,803.0,5,5,4,"554",Champions
6628,99.0,11.0,804.0,1,3,4,"134",At Risk
8731,49.0,25.0,805.0,3,5,4,"354",Loyal
2062,70.0,24.0,808.0,2,5,4,"254",At Risk
4545,4.0,21.0,812.0,5,4,4,"544",Champions
7929,76.0,22.0,814.0,2,5,4,"254",At Risk
6197,8.0,23.0,814.0,5,5,4,"554",Champions
1274,71.0,21.0,816.0,2,5,4,"254",At Risk
1064,35.0,25.0,818.0,4,5,4,"454",Champions
9144,24.0,22.0,819.0,4,5,4,"454",Champions
7276,83.0,23.0,822.0,1,5,4,"154",Cannot Lose Them
3191,83.0,23.0,822.0,1,5,4,"154",Cannot Lose Them
8263,59.0,22.0,826.0,2,5,4,"254",At Risk
5979,57.0,22.0,828.0,3,5,4,"354",Loyal
5932,30.0,24.0,828.0,4,5,4,"454",Champions
1038,45.0,12.0,828.0,3,3,4,"334",Need Attention
4485,61.0,26.0,835.0,2,5,4,"254",At Risk
4926,80.0,23.0,837.0,1,5,4,"154",Cannot Lose Them
9254,95.0,26.0,838.0,1,5,4,"154",Cannot Lose Them
6114,14.0,23.0,844.0,5,5,4,"554",Champions
6268,8.0,23.0,846.0,5,5,4,"554",Champions
4395,24.0,20.0,847.0,4,4,4,"444",Loyal
1413,46.0,25.0,848.0,3,5,4,"354",Loyal
5491,88.0,23.0,852.0,1,5,4,"154",Cannot Lose Them
4253,84.0,26.0,857.0,1,5,4,"154",Cannot Lose Them
9336,73.0,16.0,861.0,2,4,4,"244",At Risk
4371,96.0,23.0,862.0,1,5,4,"154",Cannot Lose Them
3217,84.0,25.0,863.0,1,5,4,"154",Cannot Lose Them
7199,72.0,27.0,863.0,2,5,4,"254",At Risk
2991,29.0,30.0,866.0,4,5,4,"454",Champions
3748,71.0,27.0,871.0,2,5,4,"254",At Risk
2994,4.0,23.0,871.0,5,5,4,"554",Champions
9114,54.0,13.0,871.0,3,3,4,"334",Need Attention
3681,90.0,21.0,872.0,1,5,4,"154",Cannot Lose Them
4359,47.0,25.0,874.0,3,5,4,"354",Loyal
9786,5.0,26.0,877.0,5,5,4,"554",Champions
6296,5.0,26.0,877.0,5,5,4,"554",Champions
1618,6.0,25.0,880.0,5,5,4,"554",Champions
2542,36.0,15.0,880.0,4,3,4,"434",Need Attention
1425,93.0,26.0,882.0,1,5,4,"154",Cannot Lose Them
7157,73.0,25.0,885.0,2,5,4,"254",At Risk
1964,21.0,24.0,885.0,4,5,4,"454",Champions
9943,95.0,23.0,885.0,1,5,4,"154",Cannot Lose Them
9329,57.0,23.0,885.0,3,5,4,"354",Loyal
5307,26.0,24.0,887.0,4,5,4,"454",Champions
3133,13.0,26.0,892.0,5,5,4,"554",Champions
4953,13.0,26.0,892.0,5,5,4,"554",Champions
8167,92.0,25.0,893.0,1,5,4,"154",Cannot Lose Them
7946,2.0,16.0,896.0,5,4,4,"544",Champions
2168,23.0,22.0,897.0,4,5,4,"454",Champions
2591,73.0,16.0,898.0,2,4,4,"244",At Risk
2095,77.0,15.0,903.0,2,3,4,"234",At Risk
1455,65.0,14.0,903.0,2,3,4,"234",At Risk
4720,50.0,23.0,904.0,3,5,4,"354",Loyal
8405,77.0,24.0,905.0,2,5,4,"254",At Risk
7517,83.0,21.0,905.0,1,5,4,"154",Cannot Lose Them
9628,97.0,15.0,905.0,1,3,4,"134",At Risk
6584,49.0,26.0,906.0,3,5,4,"354",Loyal
7132,41.0,27.0,907.0,3,5,4,"354",Loyal
8153,81.0,30.0,909.0,1,5,4,"154",Cannot Lose Them
6064,93.0,24.0,909.0,1,5,4,"154",Cannot Lose Them
9581,21.0,23.0,910.0,4,5,4,"454",Champions
9951,21.0,27.0,910.0,4,5,4,"454",Champions
9600,21.0,27.0,910.0,4,5,4,"454",Champions
6874,64.0,22.0,911.0,2,5,4,"254",At Risk
4115,64.0,22.0,911.0,2,5,4,"254",At Risk
3664,64.0,22.0,911.0,2,5,4,"254",At Risk
8830,56.0,26.0,913.0,3,5,4,"354",Loyal
7131,37.0,28.0,916.0,4,5,4,"454",Champions
4845,72.0,14.0,917.0,2,3,4,"234",At Risk
1176,34.0,28.0,919.0,4,5,4,"454",Champions
9805,91.0,25.0,920.0,1,5,4,"154",Cannot Lose Them
1700,30.0,17.0,928.0,4,4,4,"444",Loyal
1017,2.0,24.0,929.0,5,5,4,"554",Champions
3536,51.0,23.0,931.0,3,5,4,"354",Loyal
4805,51.0,23.0,931.0,3,5,4,"354",Loyal
1456,61.0,18.0,931.0,2,4,4,"244",At Risk
9527,65.0,14.0,931.0,2,3,4,"234",At Risk
5535,16.0,14.0,931.0,5,3,4,"534",Need Attention
2474,72.0,31.0,932.0,2,5,5,"255",At Risk
8590,80.0,25.0,933.0,1,5,5,"155",Cannot Lose Them
2562,17.0,23.0,933.0,5,5,5,"555",Champions
6489,49.0,15.0,935.0,3,3,5,"335",Loyal
8564,7.0,25.0,939.0,5,5,5,"555",Champions
6294,62.0,25.0,940.0,2,5,5,"255",At Risk
8847,36.0,27.0,942.0,4,5,5,"455",Champions
6695,52.0,14.0,942.0,3,3,5,"335",Loyal
5726,6.0,23.0,946.0,5,5,5,"555",Champions
6536,74.0,23.0,949.0,2,5,5,"255",At Risk
7425,38.0,22.0,949.0,4,5,5,"455",Champions
4068,99.0,16.0,956.0,1,3,5,"135",At Risk
2780,73.0,13.0,960.0,2,3,5,"235",At Risk
8032,67.0,17.0,960.0,2,4,5,"245",At Risk
4216,54.0,17.0,963.0,3,4,5,"345",Loyal
3337,30.0,24.0,963.0,4,5,5,"455",Champions
4752,65.0,14.0,963.0,2,3,5,"235",At Risk
1628,61.0,18.0,964.0,2,4,5,"245",At Risk
7590,46.0,14.0,966.0,3,3,5,"335",Loyal
6124,48.0,27.0,967.0,3,5,5,"355",Loyal
4559,48.0,27.0,967.0,3,5,5,"355",Loyal
1850,1.0,16.0,968.0,5,4,5,"545",Champions
6685,29.0,25.0,969.0,4,5,5,"455",Champions
9319,68.0,13.0,970.0,2,3,5,"235",At Risk
6136,68.0,21.0,971.0,2,5,5,"255",At Risk
7153,68.0,21.0,971.0,2,5,5,"255",At Risk
4197,46.0,24.0,972.0,3,5,5,"355",Loyal
9416,46.0,24.0,972.0,3,5,5,"355",Loyal
6910,72.0,28.0,974.0,2,5,5,"255",At Risk
2131,21.0,27.0,974.0,4,5,5,"455",Champions
6238,63.0,17.0,975.0,2,4,5,"245",At Risk
1254,40.0,26.0,976.0,3,5,5,"355",Loyal
4475,55.0,27.0,976.0,3,5,5,"355",Loyal
7753,78.0,15.0,977.0,2,3,5,"235",At Risk
4405,51.0,14.0,979.0,3,3,5,"335",Loyal
4770,51.0,14.0,979.0,3,3,5,"335",Loyal
7166,63.0,27.0,979.0,2,5,5,"255",At Risk
5390,63.0,27.0,979.0,2,5,5,"255",At Risk
8031,72.0,26.0,979.0,2,5,5,"255",At Risk
7884,54.0,21.0,984.0,3,5,5,"355",Loyal
1510,54.0,21.0,984.0,3,5,5,"355",Loyal
4663,46.0,26.0,984.0,3,5,5,"355",Loyal
3451,27.0,16.0,985.0,4,4,5,"445",Champions
1655,87.0,15.0,988.0,1,3,5,"135",At Risk
2974,72.0,14.0,991.0,2,3,5,"235",At Risk
3472,34.0,23.0,992.0,4,5,5,"455",Champions
3474,63.0,16.0,993.0,2,4,5,"245",At Risk
4492,63.0,16.0,993.0,2,4,5,"245",At Risk
9876,51.0,28.0,995.0,3,5,5,"355",Loyal
3267,61.0,16.0,998.0,2,4,5,"245",At Risk
1103,31.0,16.0,998.0,4,4,5,"445",Champions
7676,22.0,16.0,1002.0,4,4,5,"445",Champions
2836,86.0,15.0,1004.0,1,3,5,"135",At Risk
3791,5.0,27.0,1004.0,5,5,5,"555",Champions
1499,24.0,27.0,1004.0,4,5,5,"455",Champions
5691,24.0,27.0,1004.0,4,5,5,"455",Champions
8082,29.0,28.0,1007.0,4,5,5,"455",Champions
5953,55.0,21.0,1007.0,3,5,5,"355",Loyal
5820,78.0,26.0,1008.0,2,5,5,"255",At Risk
1927,78.0,26.0,1008.0,2,5,5,"255",At Risk
3119,28.0,24.0,1009.0,4,5,5,"455",Champions
5182,4.0,25.0,1011.0,5,5,5,"555",Champions
8020,97.0,16.0,1012.0,1,3,5,"135",At Risk
2835,80.0,26.0,1016.0,1,5,5,"155",Cannot Lose Them
8113,8.0,28.0,1019.0,5,5,5,"555",Champions
6127,25.0,26.0,1023.0,4,5,5,"455",Champions
4968,57.0,26.0,1024.0,3,5,5,"355",Loyal
1436,31.0,24.0,1024.0,4,5,5,"455",Champions
1599,61.0,25.0,1029.0,2,5,5,"255",At Risk
9727,41.0,23.0,1030.0,3,5,5,"355",Loyal
7389,87.0,20.0,1030.0,1,4,5,"145",At Risk
3937,38.0,18.0,1032.0,4,4,5,"445",Champions
6599,21.0,24.0,1036.0,4,5,5,"455",Champions
5507,21.0,24.0,1036.0,4,5,5,"455",Champions
5858,10.0,26.0,1037.0,5,5,5,"555",Champions
1050,10.0,26.0,1037.0,5,5,5,"555",Champions
8611,79.0,27.0,1037.0,2,5,5,"255",At Risk
3027,50.0,27.0,1041.0,3,5,5,"355",Loyal
8610,8.0,26.0,1042.0,5,5,5,"555",Champions
5988,2.0,23.0,1043.0,5,5,5,"555",Champions
4838,86.0,15.0,1045.0,1,3,5,"135",At Risk
7046,50.0,28.0,1046.0,3,5,5,"355",Loyal
1215,3.0,15.0,1047.0,5,3,5,"535",Need Attention
2300,56.0,16.0,1050.0,3,4,5,"345",Loyal
8912,81.0,28.0,1051.0,1,5,5,"155",Cannot Lose Them
6678,71.0,27.0,1052.0,2,5,5,"255",At Risk
1734,67.0,21.0,1055.0,2,5,5,"255",At Risk
6843,4.0,17.0,1056.0,5,4,5,"545",Champions
7949,4.0,17.0,1056.0,5,4,5,"545",Champions
5821,59.0,27.0,1063.0,2,5,5,"255",At Risk
2066,5.0,26.0,1065.0,5,5,5,"555",Champions
2993,34.0,21.0,1067.0,4,4,5,"445",Champions
6467,87.0,24.0,1067.0,1,5,5,"155",Cannot Lose Them
4744,87.0,24.0,1067.0,1,5,5,"155",Cannot Lose Them
6402,80.0,19.0,1068.0,1,4,5,"145",At Risk
8414,2.0,17.0,1069.0,5,4,5,"545",Champions
7074,78.0,17.0,1070.0,2,4,5,"245",At Risk
3314,27.0,25.0,1071.0,4,5,5,"455",Champions
8226,17.0,26.0,1074.0,5,5,5,"555",Champions
8739,34.0,26.0,1076.0,4,5,5,"455",Champions
6821,83.0,19.0,1076.0,1,4,5,"145",At Risk
9500,29.0,16.0,1079.0,4,4,5,"445",Champions
6761,65.0,26.0,1082.0,2,5,5,"255",At Risk
1524,80.0,28.0,1083.0,1,5,5,"155",Cannot Lose Them
6707,64.0,17.0,1087.0,2,4,5,"245",At Risk
9477,59.0,19.0,1089.0,2,4,5,"245",At Risk
8642,3.0,16.0,1094.0,5,4,5,"545",Champions
4986,3.0,16.0,1094.0,5,4,5,"545",Champions
8208,35.0,21.0,1095.0,4,4,5,"445",Champions
1556,42.0,28.0,1095.0,3,5,5,"355",Loyal
8327,30.0,21.0,1096.0,4,4,5,"445",Champions
6046,36.0,26.0,1098.0,4,5,5,"455",Champions
2893,36.0,26.0,1098.0,4,5,5,"455",Champions
3108,69.0,16.0,1100.0,2,3,5,"235",At Risk
3561,8.0,30.0,1102.0,5,5,5,"555",Champions
2111,48.0,19.0,1104.0,3,4,5,"345",Loyal
5970,48.0,19.0,1104.0,3,4,5,"345",Loyal
2866,18.0,20.0,1104.0,5,4,5,"545",Champions
1001,37.0,31.0,1105.0,4,5,5,"455",Champions
2576,27.0,18.0,1106.0,4,4,5,"445",Champions
8514,84.0,25.0,1106.0,1,5,5,"155",Cannot Lose Them
5800,53.0,17.0,1108.0,3,4,5,"345",Loyal
9990,94.0,29.0,1112.0,1,5,5,"155",Cannot Lose Them
3523,42.0,20.0,1116.0,3,4,5,"345",Loyal
3714,9.0,21.0,1118.0,5,4,5,"545",Champions
5311,89.0,29.0,1120.0,1,5,5,"155",Cannot Lose Them
6569,51.0,22.0,1123.0,3,5,5,"355",Loyal
4987,68.0,16.0,1123.0,2,4,5,"245",At Risk
2679,36.0,26.0,1124.0,4,5,5,"455",Champions
7818,3.0,27.0,1126.0,5,5,5,"555",Champions
5076,70.0,23.0,1128.0,2,5,5,"255",At Risk
8350,4.0,28.0,1131.0,5,5,5,"555",Champions
5797,37.0,17.0,1133.0,4,4,5,"445",Champions
4194,48.0,28.0,1138.0,3,5,5,"355",Loyal
3794,69.0,27.0,1138.0,2,5,5,"255",At Risk
2307,29.0,28.0,1141.0,4,5,5,"455",Champions
5931,59.0,25.0,1144.0,3,5,5,"355",Loyal
9891,71.0,21.0,1146.0,2,5,5,"255",At Risk
8215,87.0,17.0,1149.0,1,4,5,"145",At Risk
8665,17.0,20.0,1150.0,5,4,5,"545",Champions
8423,77.0,26.0,1151.0,2,5,5,"255",At Risk
2046,29.0,17.0,1152.0,4,4,5,"445",Champions
7650,29.0,17.0,1152.0,4,4,5,"445",Champions
3189,63.0,29.0,1153.0,2,5,5,"255",At Risk
5094,63.0,29.0,1153.0,2,5,5,"255",At Risk
9572,79.0,17.0,1154.0,2,4,5,"245",At Risk
7212,79.0,16.0,1159.0,2,4,5,"245",At Risk
4499,0.0,16.0,1159.0,5,4,5,"545",Champions
1149,85.0,18.0,1160.0,1,4,5,"145",At Risk
8781,77.0,22.0,1160.0,2,5,5,"255",At Risk
9226,77.0,22.0,1160.0,2,5,5,"255",At Risk
7567,82.0,19.0,1164.0,1,4,5,"145",At Risk
3498,11.0,19.0,1164.0,5,4,5,"545",Champions
7845,54.0,17.0,1168.0,3,4,5,"345",Loyal
4233,65.0,17.0,1171.0,2,4,5,"245",At Risk
3419,25.0,20.0,1174.0,4,4,5,"445",Champions
3983,57.0,19.0,1176.0,3,4,5,"345",Loyal
9471,63.0,32.0,1177.0,2,5,5,"255",At Risk
6877,63.0,32.0,1177.0,2,5,5,"255",At Risk
4579,63.0,32.0,1177.0,2,5,5,"255",At Risk
9728,23.0,19.0,1178.0,4,4,5,"445",Champions
5382,18.0,20.0,1182.0,5,4,5,"545",Champions
9605,58.0,18.0,1182.0,3,4,5,"345",Loyal
7137,65.0,20.0,1185.0,2,4,5,"245",At Risk
7340,65.0,20.0,1185.0,2,4,5,"245",At Risk
2980,77.0,31.0,1188.0,2,5,5,"255",At Risk
9652,76.0,12.0,1190.0,2,3,5,"235",At Risk
1039,28.0,19.0,1191.0,4,4,5,"445",Champions
4723,18.0,18.0,1191.0,5,4,5,"545",Champions
3519,23.0,28.0,1192.0,4,5,5,"455",Champions
5727,48.0,30.0,1194.0,3,5,5,"355",Loyal
8044,84.0,18.0,1196.0,1,4,5,"145",At Risk
9482,37.0,32.0,1197.0,4,5,5,"455",Champions
1769,3.0,17.0,1199.0,5,4,5,"545",Champions
8897,4.0,18.0,1199.0,5,4,5,"545",Champions
7868,24.0,31.0,1201.0,4,5,5,"455",Champions
2608,24.0,31.0,1201.0,4,5,5,"455",Champions
6312,77.0,27.0,1202.0,2,5,5,"255",At Risk
7515,0.0,22.0,1211.0,5,5,5,"555",Champions
4498,29.0,28.0,1213.0,4,5,5,"455",Champions
5654,54.0,32.0,1214.0,3,5,5,"355",Loyal
5846,60.0,28.0,1214.0,2,5,5,"255",At Risk
1008,74.0,20.0,1218.0,2,4,5,"245",At Risk
9710,70.0,32.0,1220.0,2,5,5,"255",At Risk
5513,25.0,32.0,1223.0,4,5,5,"455",Champions
3399,12.0,28.0,1229.0,5,5,5,"555",Champions
6500,55.0,23.0,1229.0,3,5,5,"355",Loyal
3711,90.0,28.0,1232.0,1,5,5,"155",Cannot Lose Them
3192,27.0,21.0,1233.0,4,4,5,"445",Champions
3174,64.0,18.0,1234.0,2,4,5,"245",At Risk
5340,55.0,21.0,1235.0,3,5,5,"355",Loyal
2657,17.0,21.0,1244.0,5,4,5,"545",Champions
8914,91.0,19.0,1244.0,1,4,5,"145",At Risk
3581,73.0,19.0,1245.0,2,4,5,"245",At Risk
9376,54.0,17.0,1247.0,3,4,5,"345",Loyal
4136,54.0,17.0,1247.0,3,4,5,"345",Loyal
1822,38.0,32.0,1248.0,4,5,5,"455",Champions
9799,60.0,19.0,1253.0,2,4,5,"245",At Risk
2344,87.0,22.0,1253.0,1,5,5,"155",Cannot Lose Them
6409,12.0,17.0,1261.0,5,4,5,"545",Champions
3541,89.0,20.0,1267.0,1,4,5,"145",At Risk
7537,93.0,23.0,1272.0,1,5,5,"155",Cannot Lose Them
7201,82.0,19.0,1275.0,1,4,5,"145",At Risk
8326,57.0,24.0,1280.0,3,5,5,"355",Loyal
4171,45.0,14.0,1283.0,3,3,5,"335",Loyal
2535,7.0,20.0,1284.0,5,4,5,"545",Champions
7030,3.0,23.0,1285.0,5,5,5,"555",Champions
8537,98.0,28.0,1285.0,1,5,5,"155",Cannot Lose Them
3344,49.0,18.0,1286.0,3,4,5,"345",Loyal
4249,56.0,22.0,1289.0,3,5,5,"355",Loyal
3846,83.0,20.0,1291.0,1,4,5,"145",At Risk
6457,20.0,20.0,1294.0,4,4,5,"445",Champions
9528,9.0,20.0,1296.0,5,4,5,"545",Champions
3941,27.0,25.0,1301.0,4,5,5,"455",Champions
8303,37.0,23.0,1310.0,4,5,5,"455",Champions
6710,41.0,23.0,1310.0,3,5,5,"355",Loyal
2456,88.0,20.0,1316.0,1,4,5,"145",At Risk
3911,88.0,20.0,1316.0,1,4,5,"145",At Risk
5042,81.0,25.0,1317.0,1,5,5,"155",Cannot Lose Them
1005,65.0,27.0,1318.0,2,5,5,"255",At Risk
1960,23.0,26.0,1318.0,4,5,5,"455",Champions
2517,23.0,26.0,1318.0,4,5,5,"455",Champions
1749,71.0,19.0,1322.0,2,4,5,"245",At Risk
7987,28.0,20.0,1326.0,4,4,5,"445",Champions
8411,78.0,21.0,1326.0,2,5,5,"255",At Risk
1968,69.0,20.0,1337.0,2,4,5,"245",At Risk
4064,12.0,19.0,1337.0,5,4,5,"545",Champions
3808,42.0,19.0,1339.0,3,4,5,"345",Loyal
7346,60.0,19.0,1339.0,2,4,5,"245",At Risk
6473,26.0,20.0,1341.0,4,4,5,"445",Champions
5596,98.0,24.0,1341.0,1,5,5,"155",Cannot Lose Them
8412,40.0,21.0,1349.0,3,5,5,"355",Loyal
4995,57.0,21.0,1351.0,3,5,5,"355",Loyal
6683,6.0,29.0,1367.0,5,5,5,"555",Champions
8126,48.0,30.0,1369.0,3,5,5,"355",Loyal
4245,48.0,30.0,1369.0,3,5,5,"355",Loyal
5999,70.0,19.0,1369.0,2,4,5,"245",At Risk
4893,70.0,19.0,1369.0,2,4,5,"245",At Risk
4872,19.0,11.0,1373.0,5,3,5,"535",Need Attention
4692,41.0,21.0,1374.0,3,5,5,"355",Loyal
4575,45.0,23.0,1374.0,3,5,5,"355",Loyal
3315,45.0,23.0,1374.0,3,5,5,"355",Loyal
6816,62.0,23.0,1377.0,2,5,5,"255",At Risk
8777,67.0,10.0,1379.0,2,3,5,"235",At Risk
5075,14.0,20.0,1380.0,5,4,5,"545",Champions
5435,11.0,21.0,1381.0,5,4,5,"545",Champions
7727,62.0,24.0,1383.0,2,5,5,"255",At Risk
7448,10.0,21.0,1384.0,5,4,5,"545",Champions
5608,89.0,26.0,1385.0,1,5,5,"155",Cannot Lose Them
8098,73.0,19.0,1386.0,2,4,5,"245",At Risk
1317,73.0,23.0,1388.0,2,5,5,"255",At Risk
5962,74.0,21.0,1393.0,2,5,5,"255",At Risk
9663,4.0,21.0,1403.0,5,4,5,"545",Champions
1296,12.0,16.0,1404.0,5,4,5,"545",Champions
1351,2.0,21.0,1413.0,5,4,5,"545",Champions
3405,6.0,21.0,1419.0,5,4,5,"545",Champions
5616,13.0,21.0,1430.0,5,4,5,"545",Champions
4037,42.0,19.0,1438.0,3,4,5,"345",Loyal
1568,26.0,16.0,1438.0,4,4,5,"445",Champions
5054,12.0,21.0,1441.0,5,4,5,"545",Champions
1801,12.0,21.0,1441.0,5,4,5,"545",Champions
7253,56.0,21.0,1443.0,3,5,5,"355",Loyal
5441,56.0,21.0,1443.0,3,5,5,"355",Loyal
2453,93.0,22.0,1446.0,1,5,5,"155",Cannot Lose Them
7050,93.0,22.0,1446.0,1,5,5,"155",Cannot Lose Them
2564,16.0,25.0,1446.0,5,5,5,"555",Champions
4554,66.0,21.0,1448.0,2,5,5,"255",At Risk
1919,95.0,21.0,1458.0,1,5,5,"155",Cannot Lose Them
5539,96.0,24.0,1462.0,1,5,5,"155",Cannot Lose Them
7034,81.0,25.0,1464.0,1,5,5,"155",Cannot Lose Them
7511,21.0,22.0,1464.0,4,5,5,"455",Champions
8457,29.0,25.0,1474.0,4,5,5,"455",Champions
7894,22.0,14.0,1475.0,4,3,5,"435",Loyal
6209,53.0,26.0,1480.0,3,5,5,"355",Loyal
9679,94.0,20.0,1481.0,1,4,5,"145",At Risk
3656,21.0,23.0,1485.0,4,5,5,"455",Champions
6233,83.0,22.0,1485.0,1,5,5,"155",Cannot Lose Them
7033,91.0,23.0,1486.0,1,5,5,"155",Cannot Lose Them
8323,1.0,35.0,1488.0,5,5,5,"555",Champions
6380,32.0,22.0,1493.0,4,5,5,"455",Champions
4950,25.0,23.0,1496.0,4,5,5,"455",Champions
9111,43.0,23.0,1504.0,3,5,5,"355",Loyal
3252,42.0,23.0,1511.0,3,5,5,"355",Loyal
8434,33.0,26.0,1516.0,4,5,5,"455",Champions
3167,6.0,23.0,1521.0,5,5,5,"555",Champions
5686,30.0,23.0,1529.0,4,5,5,"455",Champions
4410,76.0,25.0,1529.0,2,5,5,"255",At Risk
3685,61.0,22.0,1531.0,2,5,5,"255",At Risk
4935,61.0,34.0,1536.0,2,5,5,"255",At Risk
1137,73.0,23.0,1539.0,2,5,5,"255",At Risk
6437,64.0,13.0,1539.0,2,3,5,"235",At Risk
6542,10.0,20.0,1558.0,5,4,5,"545",Champions
8123,10.0,20.0,1558.0,5,4,5,"545",Champions
5602,90.0,19.0,1565.0,1,4,5,"145",At Risk
6364,85.0,24.0,1567.0,1,5,5,"155",Cannot Lose Them
5101,85.0,24.0,1567.0,1,5,5,"155",Cannot Lose Them
9554,75.0,22.0,1567.0,2,5,5,"255",At Risk
9888,63.0,23.0,1568.0,2,5,5,"255",At Risk
9705,70.0,14.0,1577.0,2,3,5,"235",At Risk
3190,54.0,24.0,1583.0,3,5,5,"355",Loyal
1280,43.0,25.0,1589.0,3,5,5,"355",Loyal
6016,43.0,25.0,1589.0,3,5,5,"355",Loyal
5229,89.0,26.0,1599.0,1,5,5,"155",Cannot Lose Them
6053,56.0,24.0,1601.0,3,5,5,"355",Loyal
6072,56.0,24.0,1601.0,3,5,5,"355",Loyal
2360,69.0,24.0,1614.0,2,5,5,"255",At Risk
6096,97.0,17.0,1619.0,1,4,5,"145",At Risk
2207,27.0,15.0,1624.0,4,3,5,"435",Loyal
2460,96.0,15.0,1634.0,1,3,5,"135",At Risk
6418,98.0,24.0,1634.0,1,5,5,"155",Cannot Lose Them
9838,98.0,24.0,1634.0,1,5,5,"155",Cannot Lose Them
1727,31.0,14.0,1638.0,4,3,5,"435",Loyal
9835,13.0,27.0,1646.0,5,5,5,"555",Champions
4810,36.0,25.0,1647.0,4,5,5,"455",Champions
6295,73.0,25.0,1653.0,2,5,5,"255",At Risk
3753,95.0,13.0,1654.0,1,3,5,"135",At Risk
3043,31.0,25.0,1658.0,4,5,5,"455",Champions
8990,6.0,15.0,1673.0,5,3,5,"535",Need Attention
4206,18.0,22.0,1677.0,5,5,5,"555",Champions
7527,46.0,26.0,1680.0,3,5,5,"355",Loyal
6310,70.0,17.0,1683.0,2,4,5,"245",At Risk
8899,90.0,15.0,1688.0,1,3,5,"135",At Risk
4757,28.0,24.0,1689.0,4,5,5,"455",Champions
1516,1.0,16.0,1691.0,5,4,5,"545",Champions
9091,40.0,16.0,1693.0,3,4,5,"345",Loyal
2327,40.0,16.0,1693.0,3,4,5,"345",Loyal
2804,75.0,16.0,1694.0,2,4,5,"245",At Risk
7938,3.0,16.0,1714.0,5,4,5,"545",Champions
3530,78.0,18.0,1725.0,2,4,5,"245",At Risk
6952,27.0,17.0,1730.0,4,4,5,"445",Champions
7227,53.0,26.0,1738.0,3,5,5,"355",Loyal
2426,7.0,19.0,1741.0,5,4,5,"545",Champions
9058,17.0,17.0,1746.0,5,4,5,"545",Champions
5228,72.0,17.0,1756.0,2,4,5,"245",At Risk
1708,98.0,17.0,1782.0,1,4,5,"145",At Risk
2586,91.0,26.0,1785.0,1,5,5,"155",Cannot Lose Them
5734,6.0,17.0,1792.0,5,4,5,"545",Champions
1773,55.0,17.0,1795.0,3,4,5,"345",Loyal
9493,42.0,27.0,1798.0,3,5,5,"355",Loyal
1153,74.0,17.0,1800.0,2,4,5,"245",At Risk
3100,89.0,18.0,1801.0,1,4,5,"145",At Risk
2054,85.0,27.0,1807.0,1,5,5,"155",Cannot Lose Them
3073,93.0,18.0,1818.0,1,4,5,"145",At Risk
7493,60.0,18.0,1825.0,2,4,5,"245",At Risk
6727,52.0,33.0,1829.0,3,5,5,"355",Loyal
9952,45.0,30.0,1832.0,3,5,5,"355",Loyal
8034,56.0,28.0,1838.0,3,5,5,"355",Loyal
6309,1.0,12.0,1904.0,5,3,5,"535",Need Attention
9415,19.0,20.0,1905.0,5,4,5,"545",Champions
3562,13.0,19.0,1911.0,5,4,5,"545",Champions
2439,66.0,19.0,1913.0,2,4,5,"245",At Risk
5625,87.0,29.0,1924.0,1,5,5,"155",Cannot Lose Them
5034,73.0,19.0,1926.0,2,4,5,"245",At Risk
5279,78.0,19.0,1927.0,2,4,5,"245",At Risk
1253,36.0,23.0,1933.0,4,5,5,"455",Champions
2194,8.0,19.0,1961.0,5,4,5,"545",Champions
3161,23.0,19.0,2011.0,4,4,5,"445",Champions
9037,23.0,19.0,2011.0,4,4,5,"445",Champions
4286,74.0,21.0,2016.0,2,5,5,"255",At Risk
6752,67.0,19.0,2021.0,2,4,5,"245",At Risk
5111,53.0,19.0,2055.0,3,4,5,"345",Loyal
2903,81.0,30.0,2077.0,1,5,5,"155",Cannot Lose Them
6746,47.0,22.0,2092.0,3,5,5,"355",Loyal
4079,20.0,22.0,2094.0,4,5,5,"455",Champions
1896,2.0,23.0,2095.0,5,5,5,"555",Champions
7583,11.0,21.0,2095.0,5,4,5,"545",Champions
8717,40.0,22.0,2212.0,3,5,5,"355",Loyal
3059,47.0,27.0,2220.0,3,5,5,"355",Loyal
6496,73.0,13.0,2255.0,2,3,5,"235",At Risk
5923,62.0,18.0,2305.0,2,4,5,"245",At Risk
1431,62.0,18.0,2305.0,2,4,5,"245",At Risk
3170,16.0,25.0,2352.0,5,5,5,"555",Champions
6311,82.0,25.0,2443.0,1,5,5,"155",Cannot Lose Them
